
/*!40101 SET @OLD_CHARACTER_SET_CLIENT=@@CHARACTER_SET_CLIENT */;
/*!40101 SET @OLD_CHARACTER_SET_RESULTS=@@CHARACTER_SET_RESULTS */;
/*!40101 SET @OLD_COLLATION_CONNECTION=@@COLLATION_CONNECTION */;
/*!40101 SET NAMES utf8 */;
/*!40103 SET @OLD_TIME_ZONE=@@TIME_ZONE */;
/*!40103 SET TIME_ZONE='+00:00' */;
/*!40014 SET @OLD_UNIQUE_CHECKS=@@UNIQUE_CHECKS, UNIQUE_CHECKS=0 */;
/*!40014 SET @OLD_FOREIGN_KEY_CHECKS=@@FOREIGN_KEY_CHECKS, FOREIGN_KEY_CHECKS=0 */;
/*!40101 SET @OLD_SQL_MODE=@@SQL_MODE, SQL_MODE='NO_AUTO_VALUE_ON_ZERO' */;
/*!40111 SET @OLD_SQL_NOTES=@@SQL_NOTES, SQL_NOTES=0 */;
DROP TABLE IF EXISTS `accountants`;
/*!40101 SET @saved_cs_client     = @@character_set_client */;
/*!40101 SET character_set_client = utf8 */;
CREATE TABLE `accountants` (
  `id` bigint(20) unsigned NOT NULL AUTO_INCREMENT,
  `school_id` bigint(20) unsigned NOT NULL,
  `user_id` bigint(20) unsigned NOT NULL,
  `created_at` timestamp NULL DEFAULT NULL,
  `updated_at` timestamp NULL DEFAULT NULL,
  PRIMARY KEY (`id`),
  KEY `accountants_school_id_foreign` (`school_id`),
  KEY `accountants_user_id_foreign` (`user_id`),
  CONSTRAINT `accountants_school_id_foreign` FOREIGN KEY (`school_id`) REFERENCES `schools` (`id`) ON DELETE CASCADE,
  CONSTRAINT `accountants_user_id_foreign` FOREIGN KEY (`user_id`) REFERENCES `users` (`id`) ON DELETE CASCADE
) ENGINE=InnoDB DEFAULT CHARSET=utf8mb4 COLLATE=utf8mb4_unicode_ci;
/*!40101 SET character_set_client = @saved_cs_client */;

LOCK TABLES `accountants` WRITE;
/*!40000 ALTER TABLE `accountants` DISABLE KEYS */;
/*!40000 ALTER TABLE `accountants` ENABLE KEYS */;
UNLOCK TABLES;
DROP TABLE IF EXISTS `attendances`;
/*!40101 SET @saved_cs_client     = @@character_set_client */;
/*!40101 SET character_set_client = utf8 */;
CREATE TABLE `attendances` (
  `id` bigint(20) unsigned NOT NULL AUTO_INCREMENT,
  `school_id` bigint(20) unsigned NOT NULL,
  `class_id` bigint(20) unsigned NOT NULL,
  `section_id` bigint(20) unsigned NOT NULL,
  `class_routine_id` bigint(20) unsigned NOT NULL,
  `student_id` bigint(20) unsigned NOT NULL,
  `date` date NOT NULL,
  `status` int(11) NOT NULL,
  `year` varchar(100) COLLATE utf8mb4_unicode_ci NOT NULL,
  `created_at` timestamp NULL DEFAULT NULL,
  `updated_at` timestamp NULL DEFAULT NULL,
  PRIMARY KEY (`id`),
  KEY `attendances_school_id_foreign` (`school_id`),
  KEY `attendances_class_id_foreign` (`class_id`),
  KEY `attendances_section_id_foreign` (`section_id`),
  KEY `attendances_class_routine_id_foreign` (`class_routine_id`),
  KEY `attendances_student_id_foreign` (`student_id`),
  CONSTRAINT `attendances_class_id_foreign` FOREIGN KEY (`class_id`) REFERENCES `classes` (`id`) ON DELETE CASCADE,
  CONSTRAINT `attendances_class_routine_id_foreign` FOREIGN KEY (`class_routine_id`) REFERENCES `class_routines` (`id`) ON DELETE CASCADE,
  CONSTRAINT `attendances_school_id_foreign` FOREIGN KEY (`school_id`) REFERENCES `schools` (`id`) ON DELETE CASCADE,
  CONSTRAINT `attendances_section_id_foreign` FOREIGN KEY (`section_id`) REFERENCES `class_sections` (`id`) ON DELETE CASCADE,
  CONSTRAINT `attendances_student_id_foreign` FOREIGN KEY (`student_id`) REFERENCES `students` (`id`) ON DELETE CASCADE
) ENGINE=InnoDB DEFAULT CHARSET=utf8mb4 COLLATE=utf8mb4_unicode_ci;
/*!40101 SET character_set_client = @saved_cs_client */;

LOCK TABLES `attendances` WRITE;
/*!40000 ALTER TABLE `attendances` DISABLE KEYS */;
/*!40000 ALTER TABLE `attendances` ENABLE KEYS */;
UNLOCK TABLES;
DROP TABLE IF EXISTS `class_routines`;
/*!40101 SET @saved_cs_client     = @@character_set_client */;
/*!40101 SET character_set_client = utf8 */;
CREATE TABLE `class_routines` (
  `id` bigint(20) unsigned NOT NULL AUTO_INCREMENT,
  `class_id` bigint(20) unsigned NOT NULL,
  `section_id` bigint(20) unsigned NOT NULL,
  `subject_id` bigint(20) unsigned NOT NULL,
  `time_start` int(11) NOT NULL,
  `time_end` int(11) NOT NULL,
  `time_start_min` int(11) NOT NULL,
  `time_end_min` int(11) NOT NULL,
  `start_am_pm` enum('am','pm') COLLATE utf8mb4_unicode_ci NOT NULL,
  `end_am_pm` enum('am','pm') COLLATE utf8mb4_unicode_ci NOT NULL,
  `day` varchar(100) COLLATE utf8mb4_unicode_ci NOT NULL,
  `year` varchar(100) COLLATE utf8mb4_unicode_ci NOT NULL,
  `created_at` timestamp NULL DEFAULT NULL,
  `updated_at` timestamp NULL DEFAULT NULL,
  PRIMARY KEY (`id`),
  KEY `class_routines_class_id_foreign` (`class_id`),
  KEY `class_routines_section_id_foreign` (`section_id`),
  KEY `class_routines_subject_id_foreign` (`subject_id`),
  CONSTRAINT `class_routines_class_id_foreign` FOREIGN KEY (`class_id`) REFERENCES `classes` (`id`) ON DELETE CASCADE,
  CONSTRAINT `class_routines_section_id_foreign` FOREIGN KEY (`section_id`) REFERENCES `class_sections` (`id`) ON DELETE CASCADE,
  CONSTRAINT `class_routines_subject_id_foreign` FOREIGN KEY (`subject_id`) REFERENCES `subjects` (`id`) ON DELETE CASCADE
) ENGINE=InnoDB DEFAULT CHARSET=utf8mb4 COLLATE=utf8mb4_unicode_ci;
/*!40101 SET character_set_client = @saved_cs_client */;

LOCK TABLES `class_routines` WRITE;
/*!40000 ALTER TABLE `class_routines` DISABLE KEYS */;
/*!40000 ALTER TABLE `class_routines` ENABLE KEYS */;
UNLOCK TABLES;
DROP TABLE IF EXISTS `class_sections`;
/*!40101 SET @saved_cs_client     = @@character_set_client */;
/*!40101 SET character_set_client = utf8 */;
CREATE TABLE `class_sections` (
  `id` bigint(20) unsigned NOT NULL AUTO_INCREMENT,
  `school_id` bigint(20) unsigned NOT NULL,
  `class_id` bigint(20) unsigned NOT NULL,
  `teacher_id` bigint(20) unsigned NOT NULL,
  `name` varchar(100) COLLATE utf8mb4_unicode_ci NOT NULL,
  `is_active` int(11) NOT NULL DEFAULT '1',
  `created_at` timestamp NULL DEFAULT NULL,
  `updated_at` timestamp NULL DEFAULT NULL,
  PRIMARY KEY (`id`),
  KEY `class_sections_school_id_foreign` (`school_id`),
  KEY `class_sections_class_id_foreign` (`class_id`),
  KEY `class_sections_teacher_id_foreign` (`teacher_id`),
  CONSTRAINT `class_sections_class_id_foreign` FOREIGN KEY (`class_id`) REFERENCES `classes` (`id`) ON DELETE CASCADE,
  CONSTRAINT `class_sections_school_id_foreign` FOREIGN KEY (`school_id`) REFERENCES `schools` (`id`) ON DELETE CASCADE,
  CONSTRAINT `class_sections_teacher_id_foreign` FOREIGN KEY (`teacher_id`) REFERENCES `teachers` (`id`) ON DELETE CASCADE
) ENGINE=InnoDB AUTO_INCREMENT=19 DEFAULT CHARSET=utf8mb4 COLLATE=utf8mb4_unicode_ci;
/*!40101 SET character_set_client = @saved_cs_client */;

LOCK TABLES `class_sections` WRITE;
/*!40000 ALTER TABLE `class_sections` DISABLE KEYS */;
INSERT INTO `class_sections` VALUES (1,1,1,18,'B',1,'2019-04-16 08:51:15','2019-04-16 08:52:22'),(2,1,1,13,'A',1,'2019-04-16 08:52:34','2019-04-16 08:52:34'),(3,1,2,8,'A',1,'2019-04-16 08:53:49','2019-04-16 08:53:49'),(4,1,2,9,'B',1,'2019-04-16 08:54:07','2019-04-16 08:54:07'),(5,1,3,7,'A',1,'2019-04-16 08:54:47','2019-04-16 08:54:47'),(6,1,3,12,'B',1,'2019-04-16 08:54:58','2019-04-16 08:54:58'),(7,1,4,6,'A',1,'2019-04-16 08:55:24','2019-04-16 08:55:24'),(8,1,4,16,'B',1,'2019-04-16 08:55:36','2019-04-16 08:55:36'),(9,1,5,6,'A',1,'2019-04-16 08:55:56','2019-04-16 08:55:56'),(10,1,5,11,'B',1,'2019-04-16 08:56:05','2019-04-16 08:56:05'),(11,1,6,10,'A',1,'2019-04-16 08:56:26','2019-04-16 08:56:26'),(12,1,7,4,'A',1,'2019-04-16 08:56:42','2019-04-16 08:56:42'),(13,1,8,1,'A',1,'2019-04-16 08:57:22','2019-04-16 08:57:22'),(14,1,9,15,'A',1,'2019-04-16 08:57:42','2019-04-16 08:57:42'),(15,1,10,3,'A',1,'2019-04-16 08:58:01','2019-04-16 08:58:01'),(16,1,11,17,'A',1,'2019-04-16 08:58:19','2019-04-16 08:58:19'),(17,1,12,5,'A',1,'2019-04-16 08:58:38','2019-04-16 08:58:38'),(18,1,13,14,'A',1,'2019-04-16 08:58:58','2019-04-16 08:58:58');
/*!40000 ALTER TABLE `class_sections` ENABLE KEYS */;
UNLOCK TABLES;
DROP TABLE IF EXISTS `classes`;
/*!40101 SET @saved_cs_client     = @@character_set_client */;
/*!40101 SET character_set_client = utf8 */;
CREATE TABLE `classes` (
  `id` bigint(20) unsigned NOT NULL AUTO_INCREMENT,
  `school_id` bigint(20) unsigned NOT NULL,
  `name` varchar(100) COLLATE utf8mb4_unicode_ci NOT NULL,
  `numeric_name` int(11) NOT NULL,
  `is_active` int(11) NOT NULL DEFAULT '1',
  `created_at` timestamp NULL DEFAULT NULL,
  `updated_at` timestamp NULL DEFAULT NULL,
  PRIMARY KEY (`id`),
  KEY `classes_school_id_foreign` (`school_id`),
  CONSTRAINT `classes_school_id_foreign` FOREIGN KEY (`school_id`) REFERENCES `schools` (`id`) ON DELETE CASCADE
) ENGINE=InnoDB AUTO_INCREMENT=14 DEFAULT CHARSET=utf8mb4 COLLATE=utf8mb4_unicode_ci;
/*!40101 SET character_set_client = @saved_cs_client */;

LOCK TABLES `classes` WRITE;
/*!40000 ALTER TABLE `classes` DISABLE KEYS */;
INSERT INTO `classes` VALUES (1,1,'Nursery',1,1,'2019-04-16 08:33:59','2019-04-16 08:33:59'),(2,1,'LKG ',2,1,'2019-04-16 08:33:59','2019-04-16 08:33:59'),(3,1,'UKG ',3,1,'2019-04-16 08:33:59','2019-04-16 08:33:59'),(4,1,'One ',4,1,'2019-04-16 08:33:59','2019-04-16 08:33:59'),(5,1,'Two',5,1,'2019-04-16 08:33:59','2019-04-16 08:33:59'),(6,1,'Three',6,1,'2019-04-16 08:33:59','2019-04-16 08:33:59'),(7,1,'Four ',7,1,'2019-04-16 08:34:00','2019-04-16 08:34:00'),(8,1,'Five',8,1,'2019-04-16 08:34:00','2019-04-16 08:34:00'),(9,1,'Six',9,1,'2019-04-16 08:34:00','2019-04-16 08:34:00'),(10,1,'Seven',10,1,'2019-04-16 08:34:00','2019-04-16 08:34:00'),(11,1,'Eight ',11,1,'2019-04-16 08:34:00','2019-04-16 08:34:00'),(12,1,'Nine',12,1,'2019-04-16 08:34:00','2019-04-16 08:34:00'),(13,1,'Play Group',0,1,'2019-04-16 08:34:00','2019-04-16 08:34:00');
/*!40000 ALTER TABLE `classes` ENABLE KEYS */;
UNLOCK TABLES;
DROP TABLE IF EXISTS `enrolls`;
/*!40101 SET @saved_cs_client     = @@character_set_client */;
/*!40101 SET character_set_client = utf8 */;
CREATE TABLE `enrolls` (
  `id` bigint(20) unsigned NOT NULL AUTO_INCREMENT,
  `enroll_code` varchar(100) COLLATE utf8mb4_unicode_ci NOT NULL,
  `school_id` bigint(20) unsigned NOT NULL,
  `class_id` bigint(20) unsigned NOT NULL,
  `section_id` bigint(20) unsigned NOT NULL,
  `roll_number` int(11) NOT NULL,
  `year` varchar(100) COLLATE utf8mb4_unicode_ci NOT NULL,
  `created_at` timestamp NULL DEFAULT NULL,
  `updated_at` timestamp NULL DEFAULT NULL,
  PRIMARY KEY (`id`),
  KEY `enrolls_school_id_foreign` (`school_id`),
  KEY `enrolls_class_id_foreign` (`class_id`),
  KEY `enrolls_section_id_foreign` (`section_id`),
  CONSTRAINT `enrolls_class_id_foreign` FOREIGN KEY (`class_id`) REFERENCES `classes` (`id`) ON DELETE CASCADE,
  CONSTRAINT `enrolls_school_id_foreign` FOREIGN KEY (`school_id`) REFERENCES `schools` (`id`) ON DELETE CASCADE,
  CONSTRAINT `enrolls_section_id_foreign` FOREIGN KEY (`section_id`) REFERENCES `class_sections` (`id`) ON DELETE CASCADE
) ENGINE=InnoDB AUTO_INCREMENT=9 DEFAULT CHARSET=utf8mb4 COLLATE=utf8mb4_unicode_ci;
/*!40101 SET character_set_client = @saved_cs_client */;

LOCK TABLES `enrolls` WRITE;
/*!40000 ALTER TABLE `enrolls` DISABLE KEYS */;
INSERT INTO `enrolls` VALUES (1,'1311',1,2,3,3,'2076-2077','2019-04-17 08:26:29','2019-04-17 10:32:07'),(2,'11441',1,2,3,1,'2076-2077','2019-04-17 08:29:32','2019-04-17 10:32:07'),(3,'12601',1,2,3,2,'2076-2077','2019-04-17 08:29:32','2019-04-17 10:32:07'),(4,'13281',1,2,3,3,'2076-2077','2019-04-17 08:29:32','2019-04-17 10:32:07'),(5,'14291',1,2,3,4,'2076-2077','2019-04-17 08:29:33','2019-04-17 10:32:08'),(6,'15301',1,2,3,5,'2076-2077','2019-04-17 08:29:33','2019-04-17 10:32:08'),(7,'16311',1,2,3,6,'2076-2077','2019-04-17 08:29:33','2019-04-17 10:32:08'),(8,'17331',1,2,3,7,'2076-2077','2019-04-17 08:29:33','2019-04-17 10:32:08');
/*!40000 ALTER TABLE `enrolls` ENABLE KEYS */;
UNLOCK TABLES;
DROP TABLE IF EXISTS `exam_grades`;
/*!40101 SET @saved_cs_client     = @@character_set_client */;
/*!40101 SET character_set_client = utf8 */;
CREATE TABLE `exam_grades` (
  `id` bigint(20) unsigned NOT NULL AUTO_INCREMENT,
  `school_id` bigint(20) unsigned NOT NULL,
  `name` varchar(100) COLLATE utf8mb4_unicode_ci NOT NULL,
  `grade_point` varchar(100) COLLATE utf8mb4_unicode_ci NOT NULL,
  `mark_form` int(11) NOT NULL,
  `mark_upto` int(11) NOT NULL,
  `comment` varchar(100) COLLATE utf8mb4_unicode_ci NOT NULL,
  `is_active` int(11) NOT NULL DEFAULT '1',
  `created_at` timestamp NULL DEFAULT NULL,
  `updated_at` timestamp NULL DEFAULT NULL,
  PRIMARY KEY (`id`),
  KEY `exam_grades_school_id_foreign` (`school_id`),
  CONSTRAINT `exam_grades_school_id_foreign` FOREIGN KEY (`school_id`) REFERENCES `schools` (`id`) ON DELETE CASCADE
) ENGINE=InnoDB DEFAULT CHARSET=utf8mb4 COLLATE=utf8mb4_unicode_ci;
/*!40101 SET character_set_client = @saved_cs_client */;

LOCK TABLES `exam_grades` WRITE;
/*!40000 ALTER TABLE `exam_grades` DISABLE KEYS */;
/*!40000 ALTER TABLE `exam_grades` ENABLE KEYS */;
UNLOCK TABLES;
DROP TABLE IF EXISTS `exam_marks`;
/*!40101 SET @saved_cs_client     = @@character_set_client */;
/*!40101 SET character_set_client = utf8 */;
CREATE TABLE `exam_marks` (
  `id` bigint(20) unsigned NOT NULL AUTO_INCREMENT,
  `school_id` bigint(20) unsigned NOT NULL,
  `class_id` bigint(20) unsigned NOT NULL,
  `section_id` bigint(20) unsigned NOT NULL,
  `subject_id` bigint(20) unsigned NOT NULL,
  `exam_id` bigint(20) unsigned NOT NULL,
  `student_id` bigint(20) unsigned NOT NULL,
  `marks_obtained` int(11) NOT NULL DEFAULT '0',
  `marks_obtained_theory` int(11) NOT NULL DEFAULT '0',
  `marks_obtained_practical` int(11) NOT NULL DEFAULT '0',
  `year` varchar(100) COLLATE utf8mb4_unicode_ci NOT NULL,
  `created_at` timestamp NULL DEFAULT NULL,
  `updated_at` timestamp NULL DEFAULT NULL,
  PRIMARY KEY (`id`),
  KEY `exam_marks_school_id_foreign` (`school_id`),
  KEY `exam_marks_class_id_foreign` (`class_id`),
  KEY `exam_marks_section_id_foreign` (`section_id`),
  KEY `exam_marks_subject_id_foreign` (`subject_id`),
  KEY `exam_marks_exam_id_foreign` (`exam_id`),
  KEY `exam_marks_student_id_foreign` (`student_id`),
  CONSTRAINT `exam_marks_class_id_foreign` FOREIGN KEY (`class_id`) REFERENCES `classes` (`id`) ON DELETE CASCADE,
  CONSTRAINT `exam_marks_exam_id_foreign` FOREIGN KEY (`exam_id`) REFERENCES `exams` (`id`) ON DELETE CASCADE,
  CONSTRAINT `exam_marks_school_id_foreign` FOREIGN KEY (`school_id`) REFERENCES `schools` (`id`) ON DELETE CASCADE,
  CONSTRAINT `exam_marks_section_id_foreign` FOREIGN KEY (`section_id`) REFERENCES `class_sections` (`id`) ON DELETE CASCADE,
  CONSTRAINT `exam_marks_student_id_foreign` FOREIGN KEY (`student_id`) REFERENCES `students` (`id`) ON DELETE CASCADE,
  CONSTRAINT `exam_marks_subject_id_foreign` FOREIGN KEY (`subject_id`) REFERENCES `subjects` (`id`) ON DELETE CASCADE
) ENGINE=InnoDB DEFAULT CHARSET=utf8mb4 COLLATE=utf8mb4_unicode_ci;
/*!40101 SET character_set_client = @saved_cs_client */;

LOCK TABLES `exam_marks` WRITE;
/*!40000 ALTER TABLE `exam_marks` DISABLE KEYS */;
/*!40000 ALTER TABLE `exam_marks` ENABLE KEYS */;
UNLOCK TABLES;
DROP TABLE IF EXISTS `exams`;
/*!40101 SET @saved_cs_client     = @@character_set_client */;
/*!40101 SET character_set_client = utf8 */;
CREATE TABLE `exams` (
  `id` bigint(20) unsigned NOT NULL AUTO_INCREMENT,
  `school_id` bigint(20) unsigned NOT NULL,
  `name` varchar(100) COLLATE utf8mb4_unicode_ci NOT NULL,
  `date` date NOT NULL,
  `year` varchar(100) COLLATE utf8mb4_unicode_ci NOT NULL,
  `is_active` int(11) NOT NULL DEFAULT '1',
  `created_at` timestamp NULL DEFAULT NULL,
  `updated_at` timestamp NULL DEFAULT NULL,
  `result_date` date NOT NULL,
  PRIMARY KEY (`id`),
  KEY `exams_school_id_foreign` (`school_id`),
  CONSTRAINT `exams_school_id_foreign` FOREIGN KEY (`school_id`) REFERENCES `schools` (`id`) ON DELETE CASCADE
) ENGINE=InnoDB AUTO_INCREMENT=5 DEFAULT CHARSET=utf8mb4 COLLATE=utf8mb4_unicode_ci;
/*!40101 SET character_set_client = @saved_cs_client */;

LOCK TABLES `exams` WRITE;
/*!40000 ALTER TABLE `exams` DISABLE KEYS */;
INSERT INTO `exams` VALUES (4,1,'Tes','2076-01-03','2075-2076',1,'2019-04-16 08:47:19','2019-04-16 08:47:19','2076-01-17');
/*!40000 ALTER TABLE `exams` ENABLE KEYS */;
UNLOCK TABLES;
DROP TABLE IF EXISTS `expense_categories`;
/*!40101 SET @saved_cs_client     = @@character_set_client */;
/*!40101 SET character_set_client = utf8 */;
CREATE TABLE `expense_categories` (
  `id` bigint(20) unsigned NOT NULL AUTO_INCREMENT,
  `school_id` bigint(20) unsigned NOT NULL,
  `name` varchar(100) COLLATE utf8mb4_unicode_ci NOT NULL,
  `is_active` int(11) NOT NULL DEFAULT '1',
  `created_at` timestamp NULL DEFAULT NULL,
  `updated_at` timestamp NULL DEFAULT NULL,
  PRIMARY KEY (`id`),
  KEY `expense_categories_school_id_foreign` (`school_id`),
  CONSTRAINT `expense_categories_school_id_foreign` FOREIGN KEY (`school_id`) REFERENCES `schools` (`id`) ON DELETE CASCADE
) ENGINE=InnoDB DEFAULT CHARSET=utf8mb4 COLLATE=utf8mb4_unicode_ci;
/*!40101 SET character_set_client = @saved_cs_client */;

LOCK TABLES `expense_categories` WRITE;
/*!40000 ALTER TABLE `expense_categories` DISABLE KEYS */;
/*!40000 ALTER TABLE `expense_categories` ENABLE KEYS */;
UNLOCK TABLES;
DROP TABLE IF EXISTS `expense_invoices`;
/*!40101 SET @saved_cs_client     = @@character_set_client */;
/*!40101 SET character_set_client = utf8 */;
CREATE TABLE `expense_invoices` (
  `id` bigint(20) unsigned NOT NULL AUTO_INCREMENT,
  `school_id` bigint(20) unsigned NOT NULL,
  `expense_category_id` bigint(20) unsigned NOT NULL,
  `title` varchar(100) COLLATE utf8mb4_unicode_ci NOT NULL,
  `description` varchar(100) COLLATE utf8mb4_unicode_ci NOT NULL,
  `amount` double(8,2) NOT NULL,
  `date` date NOT NULL,
  `year` varchar(100) COLLATE utf8mb4_unicode_ci NOT NULL,
  `is_active` int(11) NOT NULL DEFAULT '1',
  `created_at` timestamp NULL DEFAULT NULL,
  `updated_at` timestamp NULL DEFAULT NULL,
  PRIMARY KEY (`id`),
  KEY `expense_invoices_school_id_foreign` (`school_id`),
  KEY `expense_invoices_expense_category_id_foreign` (`expense_category_id`),
  CONSTRAINT `expense_invoices_expense_category_id_foreign` FOREIGN KEY (`expense_category_id`) REFERENCES `expense_categories` (`id`) ON DELETE CASCADE,
  CONSTRAINT `expense_invoices_school_id_foreign` FOREIGN KEY (`school_id`) REFERENCES `schools` (`id`) ON DELETE CASCADE
) ENGINE=InnoDB DEFAULT CHARSET=utf8mb4 COLLATE=utf8mb4_unicode_ci;
/*!40101 SET character_set_client = @saved_cs_client */;

LOCK TABLES `expense_invoices` WRITE;
/*!40000 ALTER TABLE `expense_invoices` DISABLE KEYS */;
/*!40000 ALTER TABLE `expense_invoices` ENABLE KEYS */;
UNLOCK TABLES;
DROP TABLE IF EXISTS `fees`;
/*!40101 SET @saved_cs_client     = @@character_set_client */;
/*!40101 SET character_set_client = utf8 */;
CREATE TABLE `fees` (
  `id` bigint(20) unsigned NOT NULL AUTO_INCREMENT,
  `school_id` bigint(20) unsigned NOT NULL,
  `class_id` bigint(20) unsigned NOT NULL,
  `name` varchar(100) COLLATE utf8mb4_unicode_ci NOT NULL,
  `amount` int(11) NOT NULL,
  `is_active` int(11) NOT NULL DEFAULT '1',
  `created_at` timestamp NULL DEFAULT NULL,
  `updated_at` timestamp NULL DEFAULT NULL,
  PRIMARY KEY (`id`),
  KEY `fees_school_id_foreign` (`school_id`),
  KEY `fees_class_id_foreign` (`class_id`),
  CONSTRAINT `fees_class_id_foreign` FOREIGN KEY (`class_id`) REFERENCES `classes` (`id`) ON DELETE CASCADE,
  CONSTRAINT `fees_school_id_foreign` FOREIGN KEY (`school_id`) REFERENCES `schools` (`id`) ON DELETE CASCADE
) ENGINE=InnoDB DEFAULT CHARSET=utf8mb4 COLLATE=utf8mb4_unicode_ci;
/*!40101 SET character_set_client = @saved_cs_client */;

LOCK TABLES `fees` WRITE;
/*!40000 ALTER TABLE `fees` DISABLE KEYS */;
/*!40000 ALTER TABLE `fees` ENABLE KEYS */;
UNLOCK TABLES;
DROP TABLE IF EXISTS `invoice_items`;
/*!40101 SET @saved_cs_client     = @@character_set_client */;
/*!40101 SET character_set_client = utf8 */;
CREATE TABLE `invoice_items` (
  `id` bigint(20) unsigned NOT NULL AUTO_INCREMENT,
  `invoice_id` bigint(20) unsigned NOT NULL,
  `fee_category_id` bigint(20) unsigned NOT NULL,
  `quantity` int(11) NOT NULL,
  `discounted_or_not` int(11) NOT NULL DEFAULT '0',
  `created_at` timestamp NULL DEFAULT NULL,
  `updated_at` timestamp NULL DEFAULT NULL,
  PRIMARY KEY (`id`),
  KEY `invoice_items_invoice_id_foreign` (`invoice_id`),
  KEY `invoice_items_fee_category_id_foreign` (`fee_category_id`),
  CONSTRAINT `invoice_items_fee_category_id_foreign` FOREIGN KEY (`fee_category_id`) REFERENCES `fees` (`id`) ON DELETE CASCADE,
  CONSTRAINT `invoice_items_invoice_id_foreign` FOREIGN KEY (`invoice_id`) REFERENCES `invoices` (`id`) ON DELETE CASCADE
) ENGINE=InnoDB DEFAULT CHARSET=utf8mb4 COLLATE=utf8mb4_unicode_ci;
/*!40101 SET character_set_client = @saved_cs_client */;

LOCK TABLES `invoice_items` WRITE;
/*!40000 ALTER TABLE `invoice_items` DISABLE KEYS */;
/*!40000 ALTER TABLE `invoice_items` ENABLE KEYS */;
UNLOCK TABLES;
DROP TABLE IF EXISTS `invoice_transport_items`;
/*!40101 SET @saved_cs_client     = @@character_set_client */;
/*!40101 SET character_set_client = utf8 */;
CREATE TABLE `invoice_transport_items` (
  `id` bigint(20) unsigned NOT NULL AUTO_INCREMENT,
  `invoice_id` bigint(20) unsigned NOT NULL,
  `quantity` int(11) NOT NULL,
  `created_at` timestamp NULL DEFAULT NULL,
  `updated_at` timestamp NULL DEFAULT NULL,
  PRIMARY KEY (`id`),
  KEY `invoice_transport_items_invoice_id_foreign` (`invoice_id`),
  CONSTRAINT `invoice_transport_items_invoice_id_foreign` FOREIGN KEY (`invoice_id`) REFERENCES `invoices` (`id`) ON DELETE CASCADE
) ENGINE=InnoDB DEFAULT CHARSET=utf8mb4 COLLATE=utf8mb4_unicode_ci;
/*!40101 SET character_set_client = @saved_cs_client */;

LOCK TABLES `invoice_transport_items` WRITE;
/*!40000 ALTER TABLE `invoice_transport_items` DISABLE KEYS */;
/*!40000 ALTER TABLE `invoice_transport_items` ENABLE KEYS */;
UNLOCK TABLES;
DROP TABLE IF EXISTS `invoices`;
/*!40101 SET @saved_cs_client     = @@character_set_client */;
/*!40101 SET character_set_client = utf8 */;
CREATE TABLE `invoices` (
  `id` bigint(20) unsigned NOT NULL AUTO_INCREMENT,
  `school_id` bigint(20) unsigned NOT NULL,
  `class_id` bigint(20) unsigned NOT NULL,
  `student_id` bigint(20) unsigned NOT NULL,
  `previous_invoice_id` int(11) DEFAULT '0',
  `amount` double(8,2) NOT NULL,
  `amount_paid` double(8,2) NOT NULL,
  `amount_in_words` varchar(100) COLLATE utf8mb4_unicode_ci NOT NULL,
  `due` double(8,2) NOT NULL,
  `remarks` varchar(100) COLLATE utf8mb4_unicode_ci NOT NULL,
  `invoice_date` date NOT NULL,
  `invoice_date_nepali` varchar(100) COLLATE utf8mb4_unicode_ci NOT NULL,
  `status` int(11) NOT NULL,
  `year` varchar(100) COLLATE utf8mb4_unicode_ci NOT NULL,
  `previous_or_not` int(11) NOT NULL,
  `payment_date` date DEFAULT NULL,
  `is_active` int(11) NOT NULL DEFAULT '1',
  `created_at` timestamp NULL DEFAULT NULL,
  `updated_at` timestamp NULL DEFAULT NULL,
  PRIMARY KEY (`id`),
  KEY `invoices_school_id_foreign` (`school_id`),
  KEY `invoices_class_id_foreign` (`class_id`),
  KEY `invoices_student_id_foreign` (`student_id`),
  CONSTRAINT `invoices_class_id_foreign` FOREIGN KEY (`class_id`) REFERENCES `classes` (`id`) ON DELETE CASCADE,
  CONSTRAINT `invoices_school_id_foreign` FOREIGN KEY (`school_id`) REFERENCES `schools` (`id`) ON DELETE CASCADE,
  CONSTRAINT `invoices_student_id_foreign` FOREIGN KEY (`student_id`) REFERENCES `students` (`id`) ON DELETE CASCADE
) ENGINE=InnoDB DEFAULT CHARSET=utf8mb4 COLLATE=utf8mb4_unicode_ci;
/*!40101 SET character_set_client = @saved_cs_client */;

LOCK TABLES `invoices` WRITE;
/*!40000 ALTER TABLE `invoices` DISABLE KEYS */;
/*!40000 ALTER TABLE `invoices` ENABLE KEYS */;
UNLOCK TABLES;
DROP TABLE IF EXISTS `licenses`;
/*!40101 SET @saved_cs_client     = @@character_set_client */;
/*!40101 SET character_set_client = utf8 */;
CREATE TABLE `licenses` (
  `id` bigint(20) unsigned NOT NULL AUTO_INCREMENT,
  `name` varchar(100) COLLATE utf8mb4_unicode_ci NOT NULL,
  `key` varchar(100) COLLATE utf8mb4_unicode_ci NOT NULL,
  `number_of_user` int(11) NOT NULL,
  `is_active` int(11) NOT NULL DEFAULT '1',
  `created_at` timestamp NULL DEFAULT NULL,
  `updated_at` timestamp NULL DEFAULT NULL,
  PRIMARY KEY (`id`),
  UNIQUE KEY `licenses_key_unique` (`key`)
) ENGINE=InnoDB AUTO_INCREMENT=3 DEFAULT CHARSET=utf8mb4 COLLATE=utf8mb4_unicode_ci;
/*!40101 SET character_set_client = @saved_cs_client */;

LOCK TABLES `licenses` WRITE;
/*!40000 ALTER TABLE `licenses` DISABLE KEYS */;
INSERT INTO `licenses` VALUES (1,'Starter','EsoQ5i*Ld7rPe!G',500,1,'2019-03-25 04:01:18','2019-03-25 04:18:02'),(2,'Basic','s,~EcP&n!acOd7T',1000,1,'2019-03-25 05:41:24','2019-03-25 05:41:24');
/*!40000 ALTER TABLE `licenses` ENABLE KEYS */;
UNLOCK TABLES;
DROP TABLE IF EXISTS `migrations`;
/*!40101 SET @saved_cs_client     = @@character_set_client */;
/*!40101 SET character_set_client = utf8 */;
CREATE TABLE `migrations` (
  `id` int(10) unsigned NOT NULL AUTO_INCREMENT,
  `migration` varchar(100) COLLATE utf8mb4_unicode_ci NOT NULL,
  `batch` int(11) NOT NULL,
  PRIMARY KEY (`id`)
) ENGINE=InnoDB AUTO_INCREMENT=47 DEFAULT CHARSET=utf8mb4 COLLATE=utf8mb4_unicode_ci;
/*!40101 SET character_set_client = @saved_cs_client */;

LOCK TABLES `migrations` WRITE;
/*!40000 ALTER TABLE `migrations` DISABLE KEYS */;
INSERT INTO `migrations` VALUES (1,'2014_10_12_000000_create_users_table',1),(2,'2014_10_12_100000_create_password_resets_table',1),(4,'2019_03_25_083801_add_column_is_active_and_user_type_to_users',2),(5,'2019_03_25_092216_create_licenses_table',3),(6,'2019_03_25_095125_drop_column_valid_till_to_licenses',4),(7,'2019_03_25_102707_create_schools_table',5),(8,'2019_03_25_105301_add_column_user_id_to_schools',6),(10,'2019_03_25_110318_create_school_licenses_table',7),(11,'2019_03_27_143037_create_school_details_table',8),(14,'2019_03_27_145131_create_teachers_table',9),(15,'2019_03_27_163142_create_classes_table',10),(16,'2019_03_28_102917_create_class_sections_table',11),(17,'2019_03_28_134331_create_subjects_table',12),(18,'2019_03_28_152350_create_parents_table',13),(19,'2019_03_28_154904_create_transports_table',14),(20,'2019_03_28_165415_create_enrolls_table',15),(21,'2019_03_28_165846_create_students_table',16),(22,'2019_03_30_062437_create_fees_table',17),(23,'2019_03_30_072129_create_scholarships_table',18),(24,'2019_03_30_073745_add_column_scholarship_id_to_students',19),(26,'2019_03_30_075924_create_exams_table',20),(27,'2019_03_30_081826_add_column_enroll_to_enrolls',21),(30,'2019_03_30_082136_create_exam_grades_table',22),(31,'2019_03_31_065915_create_accountants_table',23),(32,'2019_03_31_072606_create_expense_categories_table',24),(33,'2019_03_31_075533_create_invoices_table',25),(34,'2019_03_31_080444_create_invoice_items_table',26),(35,'2019_03_31_080710_create_invoice_transport_items_table',27),(36,'2019_03_31_160600_add_column_payment_date_to_invoices',28),(37,'2019_03_31_173239_add_column_is_active_to_invoices',29),(39,'2019_04_03_092645_create_expense_invoices_table',30),(42,'2019_04_05_150040_create_class_routines_table',31),(43,'2019_04_05_171413_create_attendances_table',32),(44,'2019_04_07_051336_create_exam_marks_table',33),(45,'2019_04_16_133905_add_column_address_to_parents',34),(46,'2019_04_16_142211_add_column_result_date_to_exams',35);
/*!40000 ALTER TABLE `migrations` ENABLE KEYS */;
UNLOCK TABLES;
DROP TABLE IF EXISTS `parents`;
/*!40101 SET @saved_cs_client     = @@character_set_client */;
/*!40101 SET character_set_client = utf8 */;
CREATE TABLE `parents` (
  `id` bigint(20) unsigned NOT NULL AUTO_INCREMENT,
  `school_id` bigint(20) unsigned NOT NULL,
  `user_id` bigint(20) unsigned NOT NULL,
  `phone` varchar(100) CHARACTER SET utf8mb4 COLLATE utf8mb4_unicode_ci NOT NULL,
  `profession` varchar(100) CHARACTER SET utf8mb4 COLLATE utf8mb4_unicode_ci NOT NULL,
  `is_active` int(11) NOT NULL DEFAULT '1',
  `created_at` timestamp NULL DEFAULT NULL,
  `updated_at` timestamp NULL DEFAULT NULL,
  `address` varchar(200) DEFAULT NULL,
  PRIMARY KEY (`id`),
  KEY `parents_school_id_foreign` (`school_id`),
  KEY `parents_user_id_foreign` (`user_id`),
  CONSTRAINT `parents_school_id_foreign` FOREIGN KEY (`school_id`) REFERENCES `schools` (`id`) ON DELETE CASCADE,
  CONSTRAINT `parents_user_id_foreign` FOREIGN KEY (`user_id`) REFERENCES `users` (`id`) ON DELETE CASCADE
) ENGINE=InnoDB AUTO_INCREMENT=442 DEFAULT CHARSET=latin1;
/*!40101 SET character_set_client = @saved_cs_client */;

LOCK TABLES `parents` WRITE;
/*!40000 ALTER TABLE `parents` DISABLE KEYS */;
INSERT INTO `parents` VALUES (1,1,25,'+977 986-4003482','Business',1,'2019-04-16 08:19:27','2019-04-16 08:19:27','Ka.Na.Pa 06 Sindhuli'),(2,1,26,'+977 981-4893302','Abroad',1,'2019-04-16 08:19:27','2019-04-16 08:19:27','Ka.Na.Pa 06 Sindhuli'),(3,1,27,'+977 984-4081829','Farmer',1,'2019-04-16 08:19:27','2019-04-16 08:19:27','Ranichuri 05 Sindhuli'),(4,1,28,'+977 980-7637736','Farmer',1,'2019-04-16 08:19:27','2019-04-16 08:19:27','Ka.Na.Pa 05 Phaant'),(5,1,29,'+977 981-7848144','Farmer',1,'2019-04-16 08:19:28','2019-04-16 08:19:28','Ka.Na.Pa 06 Sindhuli'),(6,1,30,'+977 974-4052409','Farmer',1,'2019-04-16 08:19:28','2019-04-16 08:19:28','Ka.Na.Pa 06 Sindhuli'),(7,1,31,'+977 984-8075670','Farmer',1,'2019-04-16 08:19:28','2019-04-16 08:19:28','Ka.Na.Pa 06 Sindhuli'),(8,1,32,'+977 981-8388191','Farmer',1,'2019-04-16 08:19:28','2019-04-16 08:19:28','Ka.Na.Pa 06 Sindhuli'),(9,1,33,'+977 981-9674265','Farmer',1,'2019-04-16 08:19:29','2019-04-16 08:19:29','Ka.Na.Pa 06 Sindhuli'),(10,1,34,'+977 986-4029390','Farmer',1,'2019-04-16 08:19:29','2019-04-16 08:19:29','Ka.Na.Pa 06 Sindhuli'),(11,1,35,'+977 981-8016481','Farmer',1,'2019-04-16 08:19:29','2019-04-16 08:19:29','Ka.Na.Pa 06 Sindhuli'),(12,1,36,'+977 981-8902274','Farmer',1,'2019-04-16 08:19:29','2019-04-16 08:19:29','Ka.Na.Pa 05 Chisapani'),(13,1,37,'+977 961-7956651','Farmer',1,'2019-04-16 08:19:29','2019-04-16 08:19:29','Ka.Na.Pa 06 New Basti'),(14,1,38,'+977 986-1653324','Job Holder',1,'2019-04-16 08:19:30','2019-04-16 08:19:30','Ka.Na.Pa 06 New Basti'),(15,1,39,'+977 984-4085443','Farmer',1,'2019-04-16 08:19:30','2019-04-16 08:19:30','Ka.Na.Pa 06 Sindhuli'),(16,1,40,'+977 980-4889516','Abroad',1,'2019-04-16 08:19:30','2019-04-16 08:19:30','Ka.Na.Pa 03 Sindhuli'),(17,1,41,'+977 981-2059184','Painter',1,'2019-04-16 08:19:30','2019-04-16 08:19:30','Ka.Na.Pa 06 Sindhuli'),(18,1,42,'+977 984-4327384','Security Guard',1,'2019-04-16 08:19:31','2019-04-16 08:19:31','Ka.Na.Pa 06 New Basti'),(19,1,43,'+977 981-4875294','Farmer',1,'2019-04-16 08:19:31','2019-04-16 08:19:31','Ka.Na.Pa 06 Sindhuli'),(20,1,44,'+977 980-9678004','Farmer',1,'2019-04-16 08:19:31','2019-04-16 08:19:31','Ka.Na.Pa 06 Sindhuli'),(21,1,45,'+977 981-5800960','Farmer',1,'2019-04-16 08:19:31','2019-04-16 08:19:31','Ka.Na.Pa 06 Sindhuli'),(22,1,46,'+977 981-7846633','Abroad',1,'2019-04-16 08:19:31','2019-04-16 08:19:31','Ka.Na.Pa 11 Phalichuri'),(23,1,47,'+977 961-9239008','Farmer',1,'2019-04-16 08:19:32','2019-04-16 08:19:32','Ka.Na.Pa 06 Sindhuli'),(24,1,48,'+977 980-4815208','Farmer',1,'2019-04-16 08:19:32','2019-04-16 08:19:32','Ka.Na.Pa 08 Maisthan'),(25,1,49,'+977 984-4597211','Farmer',1,'2019-04-16 08:19:32','2019-04-16 08:19:32','Ka.Na.Pa 06 Sindhuli'),(26,1,50,'+977 981-9600559','Housewife',1,'2019-04-16 08:19:32','2019-04-16 08:19:32','Ka.Na.Pa 05 Phaant'),(27,1,51,'+977 961-7956651','Job Holder',1,'2019-04-16 08:19:32','2019-04-16 08:19:32','Ka.Na.Pa 08 Dhapsar'),(28,1,52,'+977 984-4505387','Farmer',1,'2019-04-16 08:19:33','2019-04-16 08:19:33','Makwanpur Raigaun'),(29,1,53,'+977 984-4032651','Farmer',1,'2019-04-16 08:19:33','2019-04-16 08:19:33','Ka.Na.Pa 05 Chisapani'),(30,1,54,'+977 984-4045308','Driver',1,'2019-04-16 08:19:33','2019-04-16 08:19:33','Ka.Na.Pa 05 Chisapani'),(31,1,55,'+977 984-0583859','Farmer',1,'2019-04-16 08:19:33','2019-04-16 08:19:33','Dadigurashe 08 Sindhuli'),(32,1,56,'+977 980-8375567','Farmer',1,'2019-04-16 08:19:33','2019-04-16 08:19:33','Ka.Na.Pa 04 Boje'),(33,1,57,'NULL','Business',1,'2019-04-16 08:19:34','2019-04-16 08:19:34','Ka.Na.Pa 05 Chisapani'),(34,1,58,'NULL','Farmer',1,'2019-04-16 08:19:34','2019-04-16 08:19:34','Ka.Na.Pa 06 Sindhuli'),(35,1,59,'+977 961-7956651','Job Holder',1,'2019-04-16 08:19:34','2019-04-16 08:19:34','Ka.Na.Pa 08 Dhapsar'),(36,1,60,'+977 981-2075884','Farmer',1,'2019-04-16 08:19:34','2019-04-16 08:19:34','Ka.Na.Pa 06 Sindhuli'),(37,1,61,'+977 986-0161357','Farmer',1,'2019-04-16 08:19:34','2019-04-16 08:19:34','Ka.Na.Pa 06 Sindhuli'),(38,1,62,'+977 974-4067254','Farmer',1,'2019-04-16 08:19:35','2019-04-16 08:19:35','Amale 09'),(39,1,63,'+977 981-7859763','Carpenter',1,'2019-04-16 08:19:35','2019-04-16 08:19:35','Ka.Na.Pa 06 Sindhuli'),(40,1,64,'+977 981-7889231','Farmer',1,'2019-04-16 08:19:35','2019-04-16 08:19:35','Ka.Na.Pa 05 Chisapani'),(41,1,65,'+977 980-4861680','Farmer',1,'2019-04-16 08:19:35','2019-04-16 08:19:35','Ka.Na.Pa 04 Boje'),(42,1,66,'+977 981-2020835','Farmer',1,'2019-04-16 08:19:35','2019-04-16 08:19:35','Amale 04'),(43,1,67,'+977 986-4117685','Farmer',1,'2019-04-16 08:19:35','2019-04-16 08:19:35','Ka.Na.Pa 05 Ahale'),(44,1,68,'+977 981-5842712','Abroad',1,'2019-04-16 08:19:36','2019-04-16 08:19:36','Ka.Na.Pa 06 Sindhuli'),(45,1,69,'+977 982-1319724','Farmer',1,'2019-04-16 08:19:36','2019-04-16 08:19:36','Ka.Na.Pa 08 Maisthan'),(46,1,70,'+977 984-1121998','Farmer',1,'2019-04-16 08:19:36','2019-04-16 08:19:36','Ka.Na.Pa 04 Pani Tyanki'),(47,1,71,'+977 982-5833925','Farmer',1,'2019-04-16 08:19:36','2019-04-16 08:19:36','Ka.Na.Pa 05 Chisapani'),(48,1,72,'+977 981-9845277','Farmer',1,'2019-04-16 08:19:36','2019-04-16 08:19:36','Ka.Na.Pa 06 Sindhuli'),(49,1,73,'+977 981-9648393','Farmer',1,'2019-04-16 08:19:37','2019-04-16 08:19:37','Ka.Na.Pa 06 Sindhuli'),(50,1,74,'+977 980-3104164','Business',1,'2019-04-16 08:19:37','2019-04-16 08:19:37','Ka.Na.Pa 06 Sindhuli'),(51,1,75,'+977 980-4889785','Driver',1,'2019-04-16 08:19:37','2019-04-16 08:19:37','Ka.Na.Pa 04 Kudule'),(52,1,76,'+977 981-2174692','Farmer',1,'2019-04-16 08:19:37','2019-04-16 08:19:37','Siraha'),(53,1,77,'+977 980-9624060','Farmer',1,'2019-04-16 08:19:37','2019-04-16 08:19:37','Ka.Na.Pa 04 Boje'),(54,1,78,'+977 981-5859189','Farmer',1,'2019-04-16 08:19:38','2019-04-16 08:19:38','Ka.Na.Pa 06 Sindhuli'),(55,1,79,'+977 981-7835052','Farmer',1,'2019-04-16 08:19:38','2019-04-16 08:19:38','Ka.Na.Pa 08 Maisthan'),(56,1,80,'+977 981-5816754','Farmer',1,'2019-04-16 08:19:38','2019-04-16 08:19:38','Ka.Na.Pa 06 Sindhuli'),(57,1,81,'+977 985-4041417','Business',1,'2019-04-16 08:19:38','2019-04-16 08:19:38','Golanjor 04 Sindhuli'),(58,1,82,'+977 981-3529569','JCB Operator',1,'2019-04-16 08:19:38','2019-04-16 08:19:38','Ka.Na.Pa 06 Sindhuli'),(59,1,83,'+977 984-4094914','Farmer',1,'2019-04-16 08:19:38','2019-04-16 08:19:38','Ka.Na.Pa 07 Sindhuli'),(60,1,84,'+977 982-4836841','Farmer',1,'2019-04-16 08:19:39','2019-04-16 08:19:39','Ka.Na.Pa 04 Sindhuli'),(61,1,85,'+977 980-9649282','Farmer',1,'2019-04-16 08:19:39','2019-04-16 08:19:39','Jamuniya 09 Mahottari'),(62,1,86,'+977 980-9644514','Farmer',1,'2019-04-16 08:19:39','2019-04-16 08:19:39','Kalinjor Sarlahi'),(63,1,87,'+977 984-4523217','Farmer',1,'2019-04-16 08:19:39','2019-04-16 08:19:39','Ka.Na.Pa 06 Sindhuli'),(64,1,88,'+977 981-7698795','Farmer',1,'2019-04-16 08:19:40','2019-04-16 08:19:40','Majhuwa 06 Rupakot'),(65,1,89,'+977 980-8019707','Farmer',1,'2019-04-16 08:19:40','2019-04-16 08:19:40','Ka.Na.Pa 05 Phaant'),(66,1,90,'+977 961-9445869','Farmer',1,'2019-04-16 08:19:40','2019-04-16 08:19:40','Ka.Na.Pa 03 Sindhuli'),(67,1,91,'+977 981-2073894','Farmer',1,'2019-04-16 08:19:40','2019-04-16 08:19:40','Ka.Na.Pa 03 Dhuseni'),(68,1,92,'+977 984-4045503','Farmer',1,'2019-04-16 08:19:40','2019-04-16 08:19:40','Ka.Na.Pa 06 Sindhuli'),(69,1,93,'+977 981-7806387','Farmer',1,'2019-04-16 08:19:40','2019-04-16 08:19:40','Ka.Na.Pa 06 Sindhuli'),(70,1,94,'+977 986-1247979','Farmer',1,'2019-04-16 08:19:41','2019-04-16 08:19:41','Kailash 03 Makwanpur'),(71,1,95,'+977 981-5814998','Farmer',1,'2019-04-16 08:19:41','2019-04-16 08:19:41','Jalakanya 06 Sinhuli'),(72,1,96,'+977 986-5025179','Farmer',1,'2019-04-16 08:19:41','2019-04-16 08:19:41','Hariharpurgadhi 08 Chisapani'),(73,1,97,'+977 980-0864765','Farmer',1,'2019-04-16 08:19:41','2019-04-16 08:19:41','Ka.Na.Pa 06 Sindhuli'),(74,1,98,'+977 984-4293351','Business',1,'2019-04-16 08:19:42','2019-04-16 08:19:42','Ka.Na.Pa 06 Sindhuli'),(75,1,99,'+977 984-4597478','Farmer',1,'2019-04-16 08:19:42','2019-04-16 08:19:42','Ka.Na.Pa 04 Phaant'),(76,1,100,'+977 981-8929015','Business',1,'2019-04-16 08:19:42','2019-04-16 08:19:42','Dhuragaun 06 Ramechhap'),(77,1,101,'+977 980-7656484','Business',1,'2019-04-16 08:19:42','2019-04-16 08:19:42','Ka.Na.Pa 06 Sindhuli'),(78,1,102,'+977 981-7645622','Business',1,'2019-04-16 08:19:42','2019-04-16 08:19:42','Ka.Na.Pa 06 Sindhuli'),(79,1,103,'+977 981-5872410','Business',1,'2019-04-16 08:19:43','2019-04-16 08:19:43','Ka.Na.Pa 06 Sindhuli'),(80,1,104,'+977 974-4067252','Farmer',1,'2019-04-16 08:19:43','2019-04-16 08:19:43','Ghyanglekh 01 '),(81,1,105,'+977 986-9051744','Farmer',1,'2019-04-16 08:19:43','2019-04-16 08:19:43','Marrin Ga. Pa. 03'),(82,1,106,'+977 981-2132576','Abroad',1,'2019-04-16 08:19:43','2019-04-16 08:19:43','Sunkoshi Ga. Pa 06 Rupakot'),(83,1,107,'+977 981-8195502','Farmer',1,'2019-04-16 08:19:43','2019-04-16 08:19:43','Ka.Na.Pa 06 Sindhuli'),(84,1,108,'+977 981-7888042','Abroad',1,'2019-04-16 08:19:43','2019-04-16 08:19:43','Ka.Na.Pa 06 Sindhuli'),(85,1,109,'+977 980-9602863','Business',1,'2019-04-16 08:19:44','2019-04-16 08:19:44','Marin Ga.Pa. 03'),(86,1,110,'+977 984-4206940','Farmer',1,'2019-04-16 08:19:44','2019-04-16 08:19:44','Ka.Na.Pa 04 Boje'),(87,1,111,'+977 981-5857118','Farmer',1,'2019-04-16 08:19:44','2019-04-16 08:19:44','Ka.Na.Pa 06 Sindhuli'),(88,1,112,'+977 981-9885402','Farmer',1,'2019-04-16 08:19:44','2019-04-16 08:19:44','Ka.Na.Pa 06 Sindhuli'),(89,1,113,'+977 984-9015880','Farmer',1,'2019-04-16 08:19:44','2019-04-16 08:19:44','Sindhupalchok'),(90,1,114,'+977 981-0201955','Farmer',1,'2019-04-16 08:19:45','2019-04-16 08:19:45','Barhabise 01 Sindhupalchok'),(91,1,115,'+977 986-9040238','Farmer',1,'2019-04-16 08:19:45','2019-04-16 08:19:45','Ka.Na.Pa 06 Sindhuli'),(92,1,116,'+977 980-9644637','Farmer',1,'2019-04-16 08:19:45','2019-04-16 08:19:45','Kalinjor Sarlahi'),(93,1,117,'+977 981-9641061','Farmer',1,'2019-04-16 08:19:45','2019-04-16 08:19:45','Marin Ga.Pa. 03'),(94,1,118,'+977 981-4830594','Business',1,'2019-04-16 08:19:45','2019-04-16 08:19:45','Ka.Na.Pa 06 Sindhuli'),(95,1,119,'+977 981-2055474','Farmer',1,'2019-04-16 08:19:46','2019-04-16 08:19:46','Ranichuri 01 Sindhuli'),(96,1,120,'+977 981-7823788','Farmer',1,'2019-04-16 08:19:46','2019-04-16 08:19:46','Ka.Na.Pa 06 Sindhuli'),(97,1,121,'+977 980-3099858','Farmer',1,'2019-04-16 08:19:46','2019-04-16 08:19:46','Ka.Na.Pa 04 Boje'),(98,1,122,'+977 982-3817569','Farmer',1,'2019-04-16 08:19:46','2019-04-16 08:19:46','Haripurba 07 Sarlahi'),(99,1,123,'+977 984-4406257','Farmer',1,'2019-04-16 08:19:46','2019-04-16 08:19:46','Himganga, Ramehhap'),(100,1,124,'+977 980-7664709','Farmer',1,'2019-04-16 08:19:47','2019-04-16 08:19:47','Ka.Na.Pa 06 Sindhuli'),(101,1,125,'+977 982-4805070','Farmer',1,'2019-04-16 08:19:47','2019-04-16 08:19:47','Nipani, Sindhuli'),(102,1,126,'+977 984-1057328','Farmer',1,'2019-04-16 08:19:47','2019-04-16 08:19:47','Tinkanya 07 Sindhuli'),(103,1,127,'+977 984-1057328','Farmer',1,'2019-04-16 08:19:47','2019-04-16 08:19:47','Ka.Na.Pa 06 Sindhuli'),(104,1,128,'+977 981-4885756','Business',1,'2019-04-16 08:19:47','2019-04-16 08:19:47','Ka.Na.Pa 06 Sindhuli'),(105,1,129,'NULL','Housewife',1,'2019-04-16 08:19:47','2019-04-16 08:19:47','Ka.Na.Pa 06 Sindhuli'),(106,1,130,'+977 980-1622736','Farmer',1,'2019-04-16 08:19:48','2019-04-16 08:19:48','Ranichuri 01 Sindhuli'),(107,1,131,'+977 982-3413548','Abroad',1,'2019-04-16 08:19:48','2019-04-16 08:19:48','Marin Ga.Pa. 07'),(108,1,132,'+977 981-4181188','Business',1,'2019-04-16 08:19:48','2019-04-16 08:19:48','Ka.Na.Pa 06 Sindhuli'),(109,1,133,'+977 984-1057318','Farmer',1,'2019-04-16 08:19:48','2019-04-16 08:19:48','Ranikhola 09'),(110,1,134,'+977 980-3492439','Farmer',1,'2019-04-16 08:19:48','2019-04-16 08:19:48','Ka.Na.Pa 05 Phaant'),(111,1,135,'+977 980-7652823','Farmer',1,'2019-04-16 08:19:49','2019-04-16 08:19:49','Ka.Na.Pa 11 Sindhuli'),(112,1,136,'+977 986-3849882','Farmer',1,'2019-04-16 08:19:49','2019-04-16 08:19:49','Dharapani 04 Baseri Ramechhap'),(113,1,137,'+977 986-4118322','Abroad',1,'2019-04-16 08:19:49','2019-04-16 08:19:49','Bhadrakali 06'),(114,1,138,'+977 980-3344100','Farmer',1,'2019-04-16 08:19:49','2019-04-16 08:19:49','Ka.Na.Pa 06 Sindhuli'),(115,1,139,'+977 984-4096275','Farmer',1,'2019-04-16 08:19:49','2019-04-16 08:19:49','Ka.Na.Pa 06 Sindhuli'),(116,1,140,'+977 961-4855045','Job Holder',1,'2019-04-16 08:19:50','2019-04-16 08:19:50','Hariharpur 04 '),(117,1,141,'+977 981-2048940','Business',1,'2019-04-16 08:19:50','2019-04-16 08:19:50','Ka.Na.Pa 06 Sindhuli'),(118,1,142,'+977 981-2000913','Business',1,'2019-04-16 08:19:50','2019-04-16 08:19:50','Ka.Na.Pa 04 Phaant'),(119,1,143,'+977 981-7853434','Farmer',1,'2019-04-16 08:19:50','2019-04-16 08:19:50','Ka.Na.Pa 04 Phaant'),(120,1,144,'+977 980-9659816','Meson',1,'2019-04-16 08:19:50','2019-04-16 08:19:50','Ka.Na.Pa 04 Phaant'),(121,1,145,'NULL','Farmer',1,'2019-04-16 08:19:51','2019-04-16 08:19:51','Ka.Na.Pa 06 Sindhuli'),(122,1,146,'+977 981-4280663','Farmer',1,'2019-04-16 08:19:51','2019-04-16 08:19:51','Ka.Na.Pa 06 Sindhuli'),(123,1,147,'+977 961-4454617','Farmer',1,'2019-04-16 08:19:51','2019-04-16 08:19:51','Parwanipur Sarlahi'),(124,1,148,'+977 984-4558119','Farmer',1,'2019-04-16 08:19:51','2019-04-16 08:19:51','Ka.Na.Pa 06 Sindhuli'),(125,1,149,'NULL','NULL',1,'2019-04-16 08:19:51','2019-04-16 08:19:51','NULL'),(126,1,150,'+977 980-0818249','Farmer',1,'2019-04-16 08:19:52','2019-04-16 08:19:52','Ka.Na.Pa 06 Sindhuli'),(127,1,151,'+977 986-1111099','Teaching',1,'2019-04-16 08:19:52','2019-04-16 08:19:52','Sangbale Sindhuli'),(128,1,152,'+977 984-4042429','Farmer',1,'2019-04-16 08:19:52','2019-04-16 08:19:52','Ka.Na.Pa 06 Sindhuli'),(129,1,153,'+977 981-7875895','Business',1,'2019-04-16 08:19:52','2019-04-16 08:19:52','Ka.Na.Pa 06 Sindhuli'),(130,1,154,'+977 981-5851258','Carpenter',1,'2019-04-16 08:19:52','2019-04-16 08:19:52','Ka.Na.Pa 11 Phalichuri'),(131,1,155,'+977 984-4075709','Business',1,'2019-04-16 08:19:53','2019-04-16 08:19:53','Ka.Na.Pa 06 Sindhuli'),(132,1,156,'+977 984-4085078','Farmer',1,'2019-04-16 08:19:53','2019-04-16 08:19:53','Ka.Na.Pa 06 Sindhuli'),(133,1,157,'+977 981-5852189','Job Holder',1,'2019-04-16 08:19:53','2019-04-16 08:19:53','Ka.Na.Pa 06 Sindhuli'),(134,1,158,'+977 984-4045503','Business',1,'2019-04-16 08:19:53','2019-04-16 08:19:53','Ka.Na.Pa 06 Sindhuli'),(135,1,159,'+977 986-5889697','Farmer',1,'2019-04-16 08:19:53','2019-04-16 08:19:53','Ka.Na.Pa 06 Sindhuli'),(136,1,160,'+977 984-0304847','Farmer',1,'2019-04-16 08:19:54','2019-04-16 08:19:54','Tinkanya 07 Sindhuli'),(137,1,161,'+977 980-4842024','Farmer',1,'2019-04-16 08:19:54','2019-04-16 08:19:54','Ranichuri 01 Sindhuli'),(138,1,162,'+977 986-9123838','Job Holder',1,'2019-04-16 08:19:54','2019-04-16 08:19:54','Ka.Na.Pa 06 Sindhuli'),(139,1,163,'+977 984-9861046','Job Holder',1,'2019-04-16 08:19:54','2019-04-16 08:19:54','Ka.Na.Pa 05 Phaant'),(140,1,164,'+977 981-5869112','Farmer',1,'2019-04-16 08:19:54','2019-04-16 08:19:54','Ka.Na.Pa 08 Maisthan'),(141,1,165,'+977 981-9850770','Farmer',1,'2019-04-16 08:19:55','2019-04-16 08:19:55','Ka.Na.Pa 06 Sindhuli'),(142,1,166,'+977 981-2024324','Farmer',1,'2019-04-16 08:19:55','2019-04-16 08:19:55','Ka.Na.Pa 06 Sindhuli'),(143,1,167,'+977 980-4861066','Farmer',1,'2019-04-16 08:19:55','2019-04-16 08:19:55','Amale 06 Sindhuli'),(144,1,168,'+977 984-4173752','Farmer',1,'2019-04-16 08:19:55','2019-04-16 08:19:55','Ratanchura 07'),(145,1,169,'+977 980-7828425','Business',1,'2019-04-16 08:19:55','2019-04-16 08:19:55','Ka.Na.Pa 06 Sindhuli'),(146,1,170,'+977 974-4049690','Job Holder',1,'2019-04-16 08:19:55','2019-04-16 08:19:55','Ka.Na.Pa 06 Sindhuli'),(147,1,171,'+977 961-4716500','Abroad',1,'2019-04-16 08:19:56','2019-04-16 08:19:56','Ka.Na.Pa 06 Sindhuli'),(148,1,172,'+977 981-6804413','Farmer',1,'2019-04-16 08:19:56','2019-04-16 08:19:56','Ka.Na.Pa. 11'),(149,1,173,'+977 980-4802388','Business',1,'2019-04-16 08:19:56','2019-04-16 08:19:56','Ka.Na.Pa 06 Sindhuli'),(150,1,174,'+977 984-4253983','Farmer',1,'2019-04-16 08:19:56','2019-04-16 08:19:56','Ka.Na.Pa 06 Sindhuli'),(151,1,175,'+977 984-9076164','Business',1,'2019-04-16 08:19:56','2019-04-16 08:19:56','Ka.Na.Pa 06 Sindhuli'),(152,1,176,'+977 981-9850705','Farmer',1,'2019-04-16 08:19:57','2019-04-16 08:19:57','Kapilakot  06`'),(153,1,177,'+977 984-4147051','Farmer',1,'2019-04-16 08:19:57','2019-04-16 08:19:57','Ka.Na.Pa 06 Sindhuli'),(154,1,178,'+977 984-4215032','Business',1,'2019-04-16 08:19:57','2019-04-16 08:19:57','Ka.Na.Pa 06 Sindhuli'),(155,1,179,'+977 9844215032','Job Holder',1,'2019-04-16 08:19:57','2019-04-16 08:19:57','Ka.Na.Pa 04 Boje'),(156,1,180,'+977 9854041347','Business',1,'2019-04-16 08:19:57','2019-04-16 08:19:57','Ka.Na.Pa 06 Sindhuli'),(157,1,181,'+977 981-5819628','Abroad',1,'2019-04-16 08:19:57','2019-04-16 08:19:57','Ka.Na.Pa. 8 Ranibas'),(158,1,182,'+977 980-0882984','Farmer',1,'2019-04-16 08:19:58','2019-04-16 08:19:58','Ka.Na.Pa 05 Chisapani'),(159,1,183,'+977 984-4571097','Teaching',1,'2019-04-16 08:19:58','2019-04-16 08:19:58','Ka.Na.Pa 04 Phaant'),(160,1,184,'+977 981-9102905','Farmer',1,'2019-04-16 08:19:58','2019-04-16 08:19:58','Ka.Na.Pa. 8 Sindhuli'),(161,1,185,'+977 984-4257553','Business',1,'2019-04-16 08:19:58','2019-04-16 08:19:58','Himganga 03, Ramehhap'),(162,1,186,'NULL','Business',1,'2019-04-16 08:19:58','2019-04-16 08:19:58','Ka.Na.Pa 06 Sindhuli'),(163,1,187,'+977 981-9102905','Farmer',1,'2019-04-16 08:19:59','2019-04-16 08:19:59','Ranichuri 01 Sindhuli'),(164,1,188,'+977 981-7839204','Farmer',1,'2019-04-16 08:19:59','2019-04-16 08:19:59','Ka.Na.Pa 06 Sindhuli'),(165,1,189,'+977 984-4094548','Business',1,'2019-04-16 08:19:59','2019-04-16 08:19:59','Ka.Na.Pa 06 Sindhuli'),(166,1,190,'+977 981-5876903','Farmer',1,'2019-04-16 08:19:59','2019-04-16 08:19:59','Ka.Na.Pa 04 Chisapani'),(167,1,191,'+977 981-9859826','Farmer',1,'2019-04-16 08:20:00','2019-04-16 08:20:00','Ka.Na.Pa 06 Sindhuli'),(168,1,192,'+977 982-4849092','Farmer',1,'2019-04-16 08:20:00','2019-04-16 08:20:00','Ka.Na.Pa 01 Sindhuli'),(169,1,193,'+977 982-3494253','Abroad',1,'2019-04-16 08:20:00','2019-04-16 08:20:00','Ka.Na.Pa 06 Sindhuli'),(170,1,194,'+977 961-6636896','Farmer',1,'2019-04-16 08:20:00','2019-04-16 08:20:00','Ka.Na.Pa 06 Sindhuli'),(171,1,195,'+977 981-4831040','Business',1,'2019-04-16 08:20:01','2019-04-16 08:20:01','Ka.Na.Pa 06 Sindhuli'),(172,1,196,'+977 984-4400161','Farmer',1,'2019-04-16 08:20:01','2019-04-16 08:20:01','Ka.Na.Pa 06 Sindhuli'),(173,1,197,'+977 986-0203511','Farmer',1,'2019-04-16 08:20:01','2019-04-16 08:20:01','Ka.Na.Pa 06 Sindhuli'),(174,1,198,'+977 980-7664521','Business',1,'2019-04-16 08:20:01','2019-04-16 08:20:01','Ka.Na.Pa 06 Sindhuli'),(175,1,199,'+977 982-4854170','Farmer',1,'2019-04-16 08:20:01','2019-04-16 08:20:01','Ka.Na.Pa 06 Sindhuli'),(176,1,200,'+977 980-6434677','Farmer',1,'2019-04-16 08:20:02','2019-04-16 08:20:02','Ka.Na.Pa 06 Sindhuli'),(177,1,201,'NULL','Farmer',1,'2019-04-16 08:20:02','2019-04-16 08:20:02','Ka.Na.Pa 06 Sindhuli'),(178,1,202,'+977 981-2077545','Job Holder',1,'2019-04-16 08:20:02','2019-04-16 08:20:02','Ka.Na.Pa 06 Sindhuli'),(179,1,203,'+977 981-2077545','Farmer',1,'2019-04-16 08:20:02','2019-04-16 08:20:02','Ka.Na.Pa 04 Boje'),(180,1,204,'NULL','Farmer',1,'2019-04-16 08:20:02','2019-04-16 08:20:02','Ka.Na.Pa 06 Sindhuli'),(181,1,205,'+977 961-5792927','Farmer',1,'2019-04-16 08:20:03','2019-04-16 08:20:03','Ka.Na.Pa 06 Sindhuli'),(182,1,206,'+977 981-7892055','Job Holder',1,'2019-04-16 08:20:03','2019-04-16 08:20:03','Ka.Na.Pa 06 Sindhuli'),(183,1,207,'+977 980-1646151','Job Holder',1,'2019-04-16 08:20:03','2019-04-16 08:20:03','Ka.Na.Pa 06 Sindhuli'),(184,1,208,'+977 986-0849273','Abroad',1,'2019-04-16 08:20:03','2019-04-16 08:20:03','Ka.Na.Pa 04 Phaant'),(185,1,209,'+977 980-8728691','Abroad',1,'2019-04-16 08:20:03','2019-04-16 08:20:03','Ka.Na.Pa 06 Sindhuli'),(186,1,210,'+977 981-4883569','Farmer',1,'2019-04-16 08:20:04','2019-04-16 08:20:04','Ka.Na.Pa 06 Sindhuli'),(187,1,211,'+977 982-4820044','Farmer',1,'2019-04-16 08:20:04','2019-04-16 08:20:04','Ka.Na.Pa 06 Sindhuli'),(188,1,212,'NULL','Business',1,'2019-04-16 08:20:04','2019-04-16 08:20:04','Ka.Na.Pa 06 Sindhuli'),(189,1,213,'+977 984-4081990','Business',1,'2019-04-16 08:20:04','2019-04-16 08:20:04','Ka.Na.Pa 06 Sindhuli'),(190,1,214,'NULL','Business',1,'2019-04-16 08:20:04','2019-04-16 08:20:04','Ka.Na.Pa 06 Sindhuli'),(191,1,215,'+977 9813359252','Abroad',1,'2019-04-16 08:20:05','2019-04-16 08:20:05','Ka.Na.Pa 04 Phaat'),(192,1,216,'+977 981-4830594','Business',1,'2019-04-16 08:20:05','2019-04-16 08:20:05','Ka.Na.Pa 06 Sindhuli'),(193,1,217,'+977 984-4092555','Farmer',1,'2019-04-16 08:20:05','2019-04-16 08:20:05','Ka.Na.Pa 06 Sindhuli'),(194,1,218,'+977 981-7607096`','Job Holder',1,'2019-04-16 08:20:05','2019-04-16 08:20:05','Ka.Na.Pa 04 Phaat'),(195,1,219,'+977 980-7664117','Business',1,'2019-04-16 08:20:05','2019-04-16 08:20:05','Ka.Na.Pa 06 Sindhuli'),(196,1,220,'+977 981-9641502','Abroad',1,'2019-04-16 08:20:06','2019-04-16 08:20:06','Ka.Na.Pa. 11 Fitting'),(197,1,221,'+977 974-1486501','Farmer',1,'2019-04-16 08:20:06','2019-04-16 08:20:06','Ka.Na.Pa 06 Sindhuli'),(198,1,222,'+977 984-4081990','Farmer',1,'2019-04-16 08:20:06','2019-04-16 08:20:06','Ka.Na.Pa 06 Sindhuli'),(199,1,223,'+977 984-4096275','Farmer',1,'2019-04-16 08:20:06','2019-04-16 08:20:06','Ka.Na.Pa. 4 Boje'),(200,1,224,'+977 974-4014382','Job Holder',1,'2019-04-16 08:20:06','2019-04-16 08:20:06','Ka.Na.Pa 06 Sindhuli'),(201,1,225,'+977 961-4903924','Meson',1,'2019-04-16 08:20:07','2019-04-16 08:20:07','Beltar Sindhuli'),(202,1,226,'+977 986-4029256','Abroad',1,'2019-04-16 08:20:07','2019-04-16 08:20:07','Ka.Na.Pa 06 Sindhuli'),(203,1,227,'+977 986-5143095','Farmer',1,'2019-04-16 08:20:07','2019-04-16 08:20:07','Ka.Na.Pa 06 Sindhuli'),(204,1,228,'NULL','Abroad',1,'2019-04-16 08:20:07','2019-04-16 08:20:07','Ka.Na.Pa 06 Sindhuli'),(205,1,229,'+977 969-615348151','Farmer',1,'2019-04-16 08:20:07','2019-04-16 08:20:07','Ka.Na.Pa 06 Sindhuli'),(206,1,230,'+977 981-6795469','Teaching',1,'2019-04-16 08:20:08','2019-04-16 08:20:08','Ka.Na.Pa. 11 Phalichuri'),(207,1,231,'+977 981-2060970','Job Holder',1,'2019-04-16 08:20:08','2019-04-16 08:20:08','Ka.Na.Pa 06 Sindhuli'),(208,1,232,'+977 986-5082078','Farmer',1,'2019-04-16 08:20:08','2019-04-16 08:20:08','Ka.Na.Pa 06 Sindhuli'),(209,1,233,'NULL','Abroad',1,'2019-04-16 08:20:08','2019-04-16 08:20:08','Ka.Na.Pa 06 Sindhuli'),(210,1,234,'+977 984-4040789','Business',1,'2019-04-16 08:20:08','2019-04-16 08:20:08','Ka.Na.Pa 06 Sindhuli'),(211,1,235,'NULL','Farmer',1,'2019-04-16 08:20:09','2019-04-16 08:20:09','NULL'),(212,1,236,'NULL','Farmer',1,'2019-04-16 08:20:09','2019-04-16 08:20:09','Ka.Na.Pa 06 Sindhuli'),(213,1,237,'NULL','Farmer',1,'2019-04-16 08:20:09','2019-04-16 08:20:09','Ka.Na.Pa 06 Sindhuli'),(214,1,238,'+977 984-1057318','Farmer',1,'2019-04-16 08:20:09','2019-04-16 08:20:09','Ka.Na.Pa 06 Sindhuli'),(215,1,239,'NULL','Business',1,'2019-04-16 08:20:10','2019-04-16 08:20:10','Ka.Na.Pa 06 Sindhuli'),(216,1,240,'+977 981-4863008','Farmer',1,'2019-04-16 08:20:10','2019-04-16 08:20:10','Ka.Na.Pa 06 Sindhuli'),(217,1,241,'+977 974-4032862','Farmer',1,'2019-04-16 08:20:10','2019-04-16 08:20:10','Ka.Na.Pa 06 Sindhuli'),(218,1,242,'+977 980-4871627','Farmer',1,'2019-04-16 08:20:10','2019-04-16 08:20:10','Ka.Na.Pa 06 Sindhuli'),(219,1,243,'+977 981-3176606','Farmer',1,'2019-04-16 08:20:11','2019-04-16 08:20:11','Ka.Na.Pa 06 Sindhuli'),(220,1,244,'+977 980-7128752','Farmer',1,'2019-04-16 08:20:11','2019-04-16 08:20:11','Ka.Na.Pa 06 Sindhuli'),(221,1,245,'NULL','Farmer',1,'2019-04-16 08:20:11','2019-04-16 08:20:11','Ka.Na.Pa 06 Sindhuli'),(222,1,246,'+977 984-4086409','Farmer',1,'2019-04-16 08:20:11','2019-04-16 08:20:11','Ka.Na.Pa 06 Sindhuli'),(223,1,247,'+977 981-6899428','Abroad',1,'2019-04-16 08:20:11','2019-04-16 08:20:11','Ka.Na.Pa 06 Sindhuli'),(224,1,248,'+977 980-7661614','Abroad',1,'2019-04-16 08:20:12','2019-04-16 08:20:12','Ka.Na.Pa 06 Sindhuli'),(225,1,249,'+977 984-4505375','Farmer',1,'2019-04-16 08:20:12','2019-04-16 08:20:12','Ka.Na.Pa. 4 Boje'),(226,1,250,'+977 981-2075889','Farmer',1,'2019-04-16 08:20:12','2019-04-16 08:20:12','Ka.Na.Pa 06 Sindhuli'),(227,1,251,'+977 981-8388191','Farmer',1,'2019-04-16 08:20:12','2019-04-16 08:20:12','Ka.Na.Pa 06 Sindhuli'),(228,1,252,'NULL','Farmer',1,'2019-04-16 08:20:12','2019-04-16 08:20:12','Ka.Na.Pa 06 Sindhuli'),(229,1,253,'+977 961-5322539','Farmer',1,'2019-04-16 08:20:13','2019-04-16 08:20:13','Ka.Na.Pa. 4 Boje'),(230,1,254,'+977 981-8394069','Farmer',1,'2019-04-16 08:20:13','2019-04-16 08:20:13','Ka.Na.Pa 06 Sindhuli'),(231,1,255,'+977 981-9600555','Abroad',1,'2019-04-16 08:20:13','2019-04-16 08:20:13','Ka.Na.Pa 06 Sindhuli'),(232,1,256,'+977 981-4849157','NULL',1,'2019-04-16 08:20:13','2019-04-16 08:20:13','Ka.Na.Pa 06 Sindhuli'),(233,1,257,'+977 981-2174696','Farmer',1,'2019-04-16 08:20:13','2019-04-16 08:20:13','Ka.Na.Pa 06 Sindhuli'),(234,1,258,'+977 980-4845973','Farmer',1,'2019-04-16 08:20:14','2019-04-16 08:20:14','Ka.Na.Pa 06 Sindhuli'),(235,1,259,'+977 981-2014888','Farmer',1,'2019-04-16 08:20:14','2019-04-16 08:20:14','Ka.Na.Pa 06 Sindhuli'),(236,1,260,'NULL','Farmer',1,'2019-04-16 08:20:14','2019-04-16 08:20:14','Ka.Na.Pa 06 Sindhuli'),(237,1,261,'+977 981-2014888','Farmer',1,'2019-04-16 08:20:14','2019-04-16 08:20:14','Ka.Na.Pa 06 Sindhuli'),(238,1,262,'+977 981-7853761','Farmer',1,'2019-04-16 08:20:15','2019-04-16 08:20:15','Ka.Na.Pa 06 Sindhuli'),(239,1,263,'+977 981-7853761','Farmer',1,'2019-04-16 08:20:15','2019-04-16 08:20:15','Ka.Na.Pa 06 Sindhuli'),(240,1,264,'+977 980-9696155','Abroad',1,'2019-04-16 08:20:15','2019-04-16 08:20:15','navaraj@samaya.com.np'),(241,1,265,'+977 981-5301446','Business',1,'2019-04-16 08:20:15','2019-04-16 08:20:15','Ka.Na.Pa 06 Sindhuli'),(242,1,266,'+977 984-4400161','Farmer',1,'2019-04-16 08:20:15','2019-04-16 08:20:15','Ka.Na.Pa 06 Sindhuli'),(243,1,267,'+977 982-4887354','Farmer',1,'2019-04-16 08:20:16','2019-04-16 08:20:16','Ka.Na.Pa 06 Sindhuli'),(244,1,268,'+977 961-4701516','Farmer',1,'2019-04-16 08:20:16','2019-04-16 08:20:16','Kyaneshwor, Sindhuli'),(245,1,269,'+977 984-4045151','Abroad',1,'2019-04-16 08:20:16','2019-04-16 08:20:16','Ka.Na.Pa 06 Sindhuli'),(246,1,270,'+977 981-9615355','Abroad',1,'2019-04-16 08:20:16','2019-04-16 08:20:16','Ka.Na.Pa 06 Sindhuli'),(247,1,271,'+977 981-6892809','Farmer',1,'2019-04-16 08:20:17','2019-04-16 08:20:17','Ka.Na.Pa 06 Sindhuli'),(248,1,272,'+977 984-4040271','Farmer',1,'2019-04-16 08:20:17','2019-04-16 08:20:17','Ka.Na.Pa 06 Sindhuli'),(249,1,273,'NULL','Meson',1,'2019-04-16 08:20:17','2019-04-16 08:20:17','NULL'),(250,1,274,'+977 984-4085078','Business',1,'2019-04-16 08:20:17','2019-04-16 08:20:17','Ka.Na.Pa 06 Sindhuli'),(251,1,275,'+977 984-4571097','Business',1,'2019-04-16 08:20:17','2019-04-16 08:20:17','Ka.Na.Pa 06 Sindhuli'),(252,1,276,'+977 980-7128752','Job Holder',1,'2019-04-16 08:20:18','2019-04-16 08:20:18','Ka.Na.Pa 06 Sindhuli'),(253,1,277,'+977 980-1602316','Farmer',1,'2019-04-16 08:20:18','2019-04-16 08:20:18','Ka.Na.Pa 06 Sindhuli'),(254,1,278,'+977 986-1825756','Abroad',1,'2019-04-16 08:20:18','2019-04-16 08:20:18','Ka.Na.Pa 04 Phaat'),(255,1,279,'+977 984-4041728','Job Holder',1,'2019-04-16 08:20:18','2019-04-16 08:20:18','Ka.Na.Pa 06 Sindhuli'),(256,1,280,'+977 984-4537769','Farmer',1,'2019-04-16 08:20:18','2019-04-16 08:20:18','Ka.Na.Pa 06 Sindhuli'),(257,1,281,'+977 984-4081990','ab',1,'2019-04-16 08:20:19','2019-04-16 08:20:19','Ka.Na.Pa 04 Phaat'),(258,1,282,'+977 980-8514368','Abroad',1,'2019-04-16 08:20:19','2019-04-16 08:20:19','Ka.Na.Pa 06 Sindhuli'),(259,1,283,'+977 984-4019624','Meson',1,'2019-04-16 08:20:19','2019-04-16 08:20:19','Ka.Na.Pa. 4 Boje'),(260,1,284,'+977 981-7870999','Business',1,'2019-04-16 08:20:19','2019-04-16 08:20:19','Ka.Na.Pa 06 Sindhuli'),(261,1,285,'+977 981-7649856','Farmer',1,'2019-04-16 08:20:20','2019-04-16 08:20:20','Ka.Na.Pa 06 Sindhuli'),(262,1,286,'+977 974-1486501','Farmer',1,'2019-04-16 08:20:20','2019-04-16 08:20:20','Ka.Na.Pa 06 Sindhuli'),(263,1,287,'+977 961-4718145','Job Holder',1,'2019-04-16 08:20:20','2019-04-16 08:20:20','Ka.Na.Pa 06 Sindhuli'),(264,1,288,'+977 981-9238764','Business',1,'2019-04-16 08:20:20','2019-04-16 08:20:20','Ka.Na.Pa 06 Sindhuli'),(265,1,289,'+977 984-4075467','Farmer',1,'2019-04-16 08:20:20','2019-04-16 08:20:20','Ka.Na.Pa 06 Sindhuli'),(266,1,290,'+977 984-4094898','Abroad',1,'2019-04-16 08:20:21','2019-04-16 08:20:21','Ka.Na.Pa 06 Sindhuli'),(267,1,291,'+977 981-7654151','Farmer',1,'2019-04-16 08:20:21','2019-04-16 08:20:21','Ka.Na.Pa 06 Sindhuli'),(268,1,292,'+977 961-4844741','Meson',1,'2019-04-16 08:20:21','2019-04-16 08:20:21','Ka.Na.Pa 06 Sindhuli'),(269,1,293,'+977 961-4460492','Business',1,'2019-04-16 08:20:21','2019-04-16 08:20:21','Ka.Na.Pa 06 Sindhuli'),(270,1,294,'+977 984-4091934','Farmer',1,'2019-04-16 08:20:21','2019-04-16 08:20:21','Ka.Na.Pa 04 chisapani'),(271,1,295,'+977 981-9892323','Abroad',1,'2019-04-16 08:20:22','2019-04-16 08:20:22','Ka.Na.Pa 06 Sindhuli'),(272,1,296,'+977 984-4396603','Meson',1,'2019-04-16 08:20:22','2019-04-16 08:20:22','Ka.Na.Pa 04 Phaat'),(273,1,297,'+977 980-7664521','Business',1,'2019-04-16 08:20:22','2019-04-16 08:20:22','Ka.Na.Pa 06 Sindhuli'),(274,1,298,'NULL','Business',1,'2019-04-16 08:20:22','2019-04-16 08:20:22','Ka.Na.Pa 06 Sindhuli'),(275,1,299,'+977 980-0818249','Farmer',1,'2019-04-16 08:20:22','2019-04-16 08:20:22','Ka.Na.Pa 06 Sindhuli'),(276,1,300,'+977 984-9190799','Abroad',1,'2019-04-16 08:20:23','2019-04-16 08:20:23','Ka.Na.Pa 04 Phaat'),(277,1,301,'+977 984-4139434','Farmer',1,'2019-04-16 08:20:23','2019-04-16 08:20:23','Ka.Na.Pa 06 Sindhuli'),(278,1,302,'+977 984-4200884','Farmer',1,'2019-04-16 08:20:23','2019-04-16 08:20:23','Ka.Na.Pa 06 Sindhuli'),(279,1,303,'+977 984-4086625','Business',1,'2019-04-16 08:20:23','2019-04-16 08:20:23','Ka.Na.Pa 06 Sindhuli'),(280,1,304,'+977 984-4148385','Business',1,'2019-04-16 08:20:23','2019-04-16 08:20:23','Ka.Na.Pa 06 Sindhuli'),(281,1,305,'+977 984-4505378','Farmer',1,'2019-04-16 08:20:24','2019-04-16 08:20:24','Ka.Na.Pa 06 Sindhuli'),(282,1,306,'+977 984-4524135','Farmer',1,'2019-04-16 08:20:24','2019-04-16 08:20:24','Ka.Na.Pa. 4 Boje'),(283,1,307,'+977 986-4046137','Farmer',1,'2019-04-16 08:20:24','2019-04-16 08:20:24','Ka.Na.Pa 06 Sindhuli'),(284,1,308,'+977 981-5802984','Business',1,'2019-04-16 08:20:24','2019-04-16 08:20:24','Ka.Na.Pa. 4 Boje'),(285,1,309,'+977 984-4086319','Business',1,'2019-04-16 08:20:24','2019-04-16 08:20:24','Bhaktapur'),(286,1,310,'+977 984-4086319','Abroad',1,'2019-04-16 08:20:25','2019-04-16 08:20:25','Ka.Na.Pa 06 Sindhuli'),(287,1,311,'NULL','Job Holder',1,'2019-04-16 08:20:25','2019-04-16 08:20:25','Ka.Na.Pa 04 Phaat'),(288,1,312,'+977 981-3754148','Abroad',1,'2019-04-16 08:20:25','2019-04-16 08:20:25','Ka.Na.Pa 06 Sindhuli'),(289,1,313,'+977 981-3754148','Farmer',1,'2019-04-16 08:20:25','2019-04-16 08:20:25','Ka.Na.Pa 06 Sindhuli'),(290,1,314,'NULL','Business',1,'2019-04-16 08:20:25','2019-04-16 08:20:25','Ka.Na.Pa 06 Sindhuli'),(291,1,315,'+977 984-2404623','Business',1,'2019-04-16 08:20:26','2019-04-16 08:20:26','Ka.Na.Pa 06 Sindhuli'),(292,1,316,'+977 980-9674155','Business',1,'2019-04-16 08:20:26','2019-04-16 08:20:26','Ka.Na.Pa 06 Sindhuli'),(293,1,317,'+977 984-4320254','Abroad',1,'2019-04-16 08:20:26','2019-04-16 08:20:26','Ka.Na.Pa 06 Sindhuli'),(294,1,318,'NULL','Business',1,'2019-04-16 08:20:26','2019-04-16 08:20:26','Ka.Na.Pa 06 Sindhuli'),(295,1,319,'+977 986-9048548','Business',1,'2019-04-16 08:20:26','2019-04-16 08:20:26','Ka.Na.Pa 06 Sindhuli'),(296,1,320,'+977 981-7647183','Farmer',1,'2019-04-16 08:20:27','2019-04-16 08:20:27','Ka.Na.Pa 06 Sindhuli'),(297,1,321,'+977 974-1486709','Farmer',1,'2019-04-16 08:20:27','2019-04-16 08:20:27','Ka.Na.Pa 06 Sindhuli'),(298,1,322,'+977 980-9644514','Job Holder',1,'2019-04-16 08:20:27','2019-04-16 08:20:27','Ka.Na.Pa 04 Phaat'),(299,1,323,'+977 984-4092761','Abroad',1,'2019-04-16 08:20:27','2019-04-16 08:20:27','Ka.Na.Pa 06 Sindhuli'),(300,1,324,'+977 980-3147499','Abroad',1,'2019-04-16 08:20:28','2019-04-16 08:20:28','Ka.Na.Pa 04 Phaat'),(301,1,325,'+977 981-9841563','Business',1,'2019-04-16 08:20:28','2019-04-16 08:20:28','Ka.Na.Pa 06 Sindhuli'),(302,1,326,'+977 984-4082878','Farmer',1,'2019-04-16 08:20:28','2019-04-16 08:20:28','Ka.Na.Pa 06 Sindhuli'),(303,1,327,'+977 981-7647137','Abroad',1,'2019-04-16 08:20:28','2019-04-16 08:20:28','Ka.Na.Pa 06 Sindhuli'),(304,1,328,'+977 984-4143341','Business',1,'2019-04-16 08:20:28','2019-04-16 08:20:28','Ka.Na.Pa 06 Sindhuli'),(305,1,329,'+977 984-1652969','Farmer',1,'2019-04-16 08:20:29','2019-04-16 08:20:29','Ka.Na.Pa 06 Sindhuli'),(306,1,330,'+977 984-12041311','Farmer',1,'2019-04-16 08:20:29','2019-04-16 08:20:29','Ka.Na.Pa 06 Sindhuli'),(307,1,331,'+977 981-5870250','Farmer',1,'2019-04-16 08:20:29','2019-04-16 08:20:29','Ka.Na.Pa. 4 Boje'),(308,1,332,'+977 981-7888042','Abroad',1,'2019-04-16 08:20:29','2019-04-16 08:20:29','Ka.Na.Pa 06 Sindhuli'),(309,1,333,'+977 980-7643783','Business',1,'2019-04-16 08:20:29','2019-04-16 08:20:29','Ka.Na.Pa 04 Phaat'),(310,1,334,'+977 984-9901368','Business',1,'2019-04-16 08:20:30','2019-04-16 08:20:30','Ka.Na.Pa 04 chisapani'),(311,1,335,'+977 984-4085601','job',1,'2019-04-16 08:20:30','2019-04-16 08:20:30','Ka.Na.Pa 06 Sindhuli'),(312,1,336,'+977 981-7890971','Abroad',1,'2019-04-16 08:20:30','2019-04-16 08:20:30','Ka.Na.Pa 04 Phaat'),(313,1,337,'+977 980-8456577','Abroad',1,'2019-04-16 08:20:30','2019-04-16 08:20:30','Marin Ga.Pa. 07 Deujor'),(314,1,338,'NULL','Meson',1,'2019-04-16 08:20:30','2019-04-16 08:20:30','Ka.Na.Pa 04 chisapani'),(315,1,339,'+977 974-4070090','Job Holder',1,'2019-04-16 08:20:31','2019-04-16 08:20:31','Ka.Na.Pa 06 Sindhuli'),(316,1,340,'+977 981-8411118','Business',1,'2019-04-16 08:20:31','2019-04-16 08:20:31','Ka.Na.Pa 06 Sindhuli'),(317,1,341,'+977 984-4041060','Business',1,'2019-04-16 08:20:31','2019-04-16 08:20:31','Ka.Na.Pa 06 Sindhuli'),(318,1,342,'NULL','Business',1,'2019-04-16 08:20:31','2019-04-16 08:20:31','Ka.Na.Pa 06 Sindhuli'),(319,1,343,'+977 981-2044674','Abroad',1,'2019-04-16 08:20:32','2019-04-16 08:20:32','Marin Ga.Pa. 05 Badimuhan'),(320,1,344,'+977 981-8594073','Business',1,'2019-04-16 08:20:32','2019-04-16 08:20:32','Ka.Na.Pa 06 Sindhuli'),(321,1,345,'NULL','Business',1,'2019-04-16 08:20:32','2019-04-16 08:20:32','Ka.Na.Pa 06 Sindhuli'),(322,1,346,'+977 981-2081539','Business',1,'2019-04-16 08:20:32','2019-04-16 08:20:32','Dadigurashe 08 Sindhuli'),(323,1,347,'+977 981-7680210','Farmer',1,'2019-04-16 08:20:32','2019-04-16 08:20:32','Ka.Na.Pa 06 Sindhuli'),(324,1,348,'+977 981-7609545','Business',1,'2019-04-16 08:20:33','2019-04-16 08:20:33','Hariharpurgadhi 08 Chisapani'),(325,1,349,'+977 980-4811164','Farmer',1,'2019-04-16 08:20:33','2019-04-16 08:20:33','Ka.Na.Pa 06 Sindhuli'),(326,1,350,'+977 981-1109576','Business',1,'2019-04-16 08:20:33','2019-04-16 08:20:33','Birganj Parsa'),(327,1,351,'NULL','Business',1,'2019-04-16 08:20:33','2019-04-16 08:20:33','Itahara, Morang'),(328,1,352,'+977 980-9638655','Farmer',1,'2019-04-16 08:20:33','2019-04-16 08:20:33','Marin Ga.Pa. 07'),(329,1,353,'NULL','Job Holder',1,'2019-04-16 08:20:34','2019-04-16 08:20:34','Ka.Na.Pa 06 Sindhuli'),(330,1,354,'+977 981-7888042','Farmer',1,'2019-04-16 08:20:34','2019-04-16 08:20:34','Ka.Na.Pa 06 Sindhuli'),(331,1,355,'+977 980-7813694','Farmer',1,'2019-04-16 08:20:34','2019-04-16 08:20:34','Ka.Na.Pa 06 Sindhuli'),(332,1,356,'+977 980-3705824','Tailoring',1,'2019-04-16 08:20:34','2019-04-16 08:20:34','Ka.Na.Pa 06 Sindhuli'),(333,1,357,'+977 981-7642888','Farmer',1,'2019-04-16 08:20:34','2019-04-16 08:20:34','Ka.Na.Pa 06 Sindhuli'),(334,1,358,'+977 984-5889021','Farmer',1,'2019-04-16 08:20:34','2019-04-16 08:20:34','Rautahad 04, Tejapakad'),(335,1,359,'+977 984-1508686','Sport Teacher',1,'2019-04-16 08:20:35','2019-04-16 08:20:35','Ka.Na.Pa 06 Sindhuli'),(336,1,360,'+977 984-4173613','Farmer',1,'2019-04-16 08:20:35','2019-04-16 08:20:35','Ka.Na.Pa 06 Sindhuli'),(337,1,361,'+977 981-2075884','Farmer',1,'2019-04-16 08:20:35','2019-04-16 08:20:35','Ka.Na.Pa 06 Sindhuli'),(338,1,362,'+977 981-2016678','Farmer',1,'2019-04-16 08:20:35','2019-04-16 08:20:35','Ka.Na.Pa 06 Sindhuli'),(339,1,363,'+977 984-1677936','Business',1,'2019-04-16 08:20:36','2019-04-16 08:20:36','Ka.Na.Pa 06 Sindhuli'),(340,1,364,'+977 984-4045151','Social Worker',1,'2019-04-16 08:20:36','2019-04-16 08:20:36','Ka.Na.Pa 06 Sindhuli'),(341,1,365,'+977 981-6964365','Farmer',1,'2019-04-16 08:20:36','2019-04-16 08:20:36','Ka.Na.Pa 06 Sindhuli'),(342,1,366,'NULL','Painter',1,'2019-04-16 08:20:36','2019-04-16 08:20:36','Ka.Na.Pa 06 Sindhuli`'),(343,1,367,'+977 984-4244925','Job Holder',1,'2019-04-16 08:20:36','2019-04-16 08:20:36','Ka.Na.Pa 06 Sindhuli'),(344,1,368,'+977 984-4429616','Farmer',1,'2019-04-16 08:20:37','2019-04-16 08:20:37','Ka.Na.Pa 06 Sindhuli'),(345,1,369,'+977 980-4806276','Business',1,'2019-04-16 08:20:37','2019-04-16 08:20:37','Ka.Na.Pa 06 Sindhuli'),(346,1,370,'+977 986-4054106','Farmer',1,'2019-04-16 08:20:37','2019-04-16 08:20:37','Ka.Na.Pa 06 Sindhuli'),(347,1,371,'+977 981-7897673','Farmer',1,'2019-04-16 08:20:37','2019-04-16 08:20:37','Ka.Na.Pa 06 Sindhuli'),(348,1,372,'+977 984-4096562','Business',1,'2019-04-16 08:20:37','2019-04-16 08:20:37','Ka.Na.Pa 06 Sindhuli'),(349,1,373,'+977 986-0215216','Farmer',1,'2019-04-16 08:20:38','2019-04-16 08:20:38','Ka.Na.Pa 06 Sindhuli'),(350,1,374,'+977 981-5857840','Farmer',1,'2019-04-16 08:20:38','2019-04-16 08:20:38','Ka.Na.Pa 06 Sindhuli'),(351,1,375,'+977 984-4564275','Farmer',1,'2019-04-16 08:20:38','2019-04-16 08:20:38','Ka.Na.Pa 06 Sindhuli'),(352,1,376,'NULL','Farmer',1,'2019-04-16 08:20:38','2019-04-16 08:20:38','Ka.Na.Pa 06 Sindhuli'),(353,1,377,'+977 982-4730094','Abroad',1,'2019-04-16 08:20:38','2019-04-16 08:20:38','Siraha'),(354,1,378,'+977 986-1774927','Farmer',1,'2019-04-16 08:20:39','2019-04-16 08:20:39','Ka.Na.Pa 06 Sindhuli'),(355,1,379,'+977 980-4861066','Farmer',1,'2019-04-16 08:20:39','2019-04-16 08:20:39','Ka.Na.Pa 06 Sindhuli'),(356,1,380,'NULL','Business',1,'2019-04-16 08:20:39','2019-04-16 08:20:39','Jalakanya 06 Sindhuli'),(357,1,381,'+977 981-9618841','Farmer',1,'2019-04-16 08:20:39','2019-04-16 08:20:39','Ka.Na.Pa. 6 Sindhuli'),(358,1,382,'+977 984-1929956','Farmer',1,'2019-04-16 08:20:39','2019-04-16 08:20:39','Ka.Na.Pa. 6 Sindhuli'),(359,1,383,'NULL','Farmer',1,'2019-04-16 08:20:40','2019-04-16 08:20:40','Bhadrakali 06'),(360,1,384,'NULL','Farmer',1,'2019-04-16 08:20:40','2019-04-16 08:20:40','Ka.Na.Pa. 6 Sindhuli'),(361,1,385,'NULL','Farmer',1,'2019-04-16 08:20:40','2019-04-16 08:20:40','NULL'),(362,1,386,'NULL','Farmer',1,'2019-04-16 08:20:40','2019-04-16 08:20:40','Katahari 02 Biratnagar'),(363,1,387,'+977 982-3160067','Farmer',1,'2019-04-16 08:20:40','2019-04-16 08:20:40','Ka.Na.Pa. 6 Sindhuli'),(364,1,388,'+977 984-453929','NULL',1,'2019-04-16 08:20:41','2019-04-16 08:20:41','Ka.Na.Pa. 4 Phaant'),(365,1,389,'NULL','Farmer',1,'2019-04-16 08:20:41','2019-04-16 08:20:41','Kalpabriksha 06 Sindhuli'),(366,1,390,'+977 981-4694259','Farmer',1,'2019-04-16 08:20:41','2019-04-16 08:20:41','Ka.Na.Pa. 6 Sindhuli'),(367,1,391,'+977 981-1123181','Farmer',1,'2019-04-16 08:20:41','2019-04-16 08:20:41','Ka.Na.Pa. 6 Sindhuli'),(368,1,392,'+977 980-3656370','job holder',1,'2019-04-16 08:20:41','2019-04-16 08:20:41','Ka.Na.Pa. 6 Sindhuli'),(369,1,393,'+977 986-9639033','Farmer',1,'2019-04-16 08:20:42','2019-04-16 08:20:42','Ka.Na.Pa. 7 Rampur'),(370,1,394,'+977 986-4141094','Abroad',1,'2019-04-16 08:20:42','2019-04-16 08:20:42','Ka.Na.Pa. 7'),(371,1,395,'+977 980-4821299','Meson',1,'2019-04-16 08:20:42','2019-04-16 08:20:42','Ka.Na.Pa. 3 Tintale'),(372,1,396,'+977 981-9856972','Business',1,'2019-04-16 08:20:42','2019-04-16 08:20:42','Ka.Na.Pa. 6 Sindhuli'),(373,1,397,'+977 981-9870753','Meson',1,'2019-04-16 08:20:42','2019-04-16 08:20:42','Ka.Na.Pa. 6 Sindhuli'),(374,1,398,'+977 961-4896928','Business',1,'2019-04-16 08:20:43','2019-04-16 08:20:43','Ka.Na.Pa. 6 Sindhuli'),(375,1,399,'+977 961-4788851','Business',1,'2019-04-16 08:20:43','2019-04-16 08:20:43','Ka.Na.Pa. 6 Sindhuli'),(376,1,400,'+977 986-4141094','Abroad',1,'2019-04-16 08:20:43','2019-04-16 08:20:43','Ka.Na.Pa. 4 Phaant'),(377,1,401,'+977 981-2055978','Farmer',1,'2019-04-16 08:20:43','2019-04-16 08:20:43','Ka.Na.Pa. 6 Sindhuli'),(378,1,402,'NULL','Meson',1,'2019-04-16 08:20:43','2019-04-16 08:20:43','Ramechhap Dhobi'),(379,1,403,'+977 981-5819628','Abroad',1,'2019-04-16 08:20:43','2019-04-16 08:20:43','Ka.Na.Pa. 8 Ranibas'),(380,1,404,'+977 980-3863204','Teaching',1,'2019-04-16 08:20:44','2019-04-16 08:20:44','Ka.Na.Pa. 4 Phaant'),(381,1,405,'NULL','NULL',1,'2019-04-16 08:20:44','2019-04-16 08:20:44','Ka.Na.Pa. 5 Boje'),(382,1,406,'+977 986-79757387','Abroad',1,'2019-04-16 08:20:44','2019-04-16 08:20:44','Ka.Na.Pa. 6 Sindhuli'),(383,1,407,'+977 984-4094656','Teaching',1,'2019-04-16 08:20:44','2019-04-16 08:20:44','Ka.Na.Pa. 6 Sindhuli'),(384,1,408,'+977 982-5880353','Abroad',1,'2019-04-16 08:20:44','2019-04-16 08:20:44','Ka.Na.Pa. 4 Phaant'),(385,1,409,'+977 981-4855493','painter',1,'2019-04-16 08:20:45','2019-04-16 08:20:45','Ka.Na.Pa. 6 Sindhuli'),(386,1,410,'+977 981-5842712','Abroad',1,'2019-04-16 08:20:45','2019-04-16 08:20:45','Ka.Na.Pa. 6 Sindhuli'),(387,1,411,'+977 980-4861680','Farmer',1,'2019-04-16 08:20:45','2019-04-16 08:20:45','Ka.Na.Pa. 5 Boje'),(388,1,412,'+977 984-4086406','Driver',1,'2019-04-16 08:20:45','2019-04-16 08:20:45','Ka.Na.Pa. 6 Sindhuli'),(389,1,413,'+977 984-4041992','Business',1,'2019-04-16 08:20:45','2019-04-16 08:20:45','Ka.Na.Pa. 6 Sindhuli'),(390,1,414,'+977 981-7647137','Farmer',1,'2019-04-16 08:20:46','2019-04-16 08:20:46','Ka.Na.Pa. 6 Sindhuli'),(391,1,415,'+977 974-5043835','Teaching',1,'2019-04-16 08:20:46','2019-04-16 08:20:46','Ka.Na.Pa. 6 Sindhuli'),(392,1,416,'NULL','Farmer',1,'2019-04-16 08:20:46','2019-04-16 08:20:46','Ka.Na.Pa. 6 Sindhuli'),(393,1,417,'NULL','Farmer',1,'2019-04-16 08:20:46','2019-04-16 08:20:46','Ka.Na.Pa. 6 Sindhuli'),(394,1,418,'NULL','Farmer',1,'2019-04-16 08:20:46','2019-04-16 08:20:46','NULL'),(395,1,419,'+977 982-4878452','Officer',1,'2019-04-16 08:20:47','2019-04-16 08:20:47','Marin Ga.Pa. 07'),(396,1,420,'+977 980-7677405','Farmer',1,'2019-04-16 08:20:47','2019-04-16 08:20:47','Ka.Na.Pa. 6 Sindhuli'),(397,1,421,'NULL','Farmer',1,'2019-04-16 08:20:47','2019-04-16 08:20:47','Amale 08 Sindhuli'),(398,1,422,'+977 981-9855568','Abroad',1,'2019-04-16 08:20:47','2019-04-16 08:20:47','Marin Ga.Pa. 05 Badimuhan'),(399,1,423,'+977 961-4748534','Farmer',1,'2019-04-16 08:20:47','2019-04-16 08:20:47','Ka.Na.Pa. 6 Sindhuli'),(400,1,424,'+977 986-3849882','Plumbing',1,'2019-04-16 08:20:47','2019-04-16 08:20:47','Himganga 3, Ramehhap'),(401,1,425,'+977 982-5836705','Business',1,'2019-04-16 08:20:48','2019-04-16 08:20:48','Kalpabriksha 06 Sindhuli'),(402,1,426,'+977 982-5881450','Meson',1,'2019-04-16 08:20:48','2019-04-16 08:20:48','Sarlahi 02'),(403,1,427,'+977 980-7637052','Business',1,'2019-04-16 08:20:48','2019-04-16 08:20:48','Dhanusha 08'),(404,1,428,'9814883206','Abroad',1,'2019-04-16 08:20:48','2019-04-16 08:20:48','Makwanpur Kulekhani'),(405,1,429,'9843746542','Abroad',1,'2019-04-16 08:20:49','2019-04-16 08:20:49','Ka.Na.Pa. 4 Phaant'),(406,1,430,'9841929956','Teaching',1,'2019-04-16 08:20:49','2019-04-16 08:20:49','Ka.Na.Pa. 06 Sindhuli'),(407,1,431,'9818970288','Farmer',1,'2019-04-16 08:20:49','2019-04-16 08:20:49','Ka.Na.Pa. 06 Sindhuli'),(408,1,432,'9815802202','Farmer',1,'2019-04-16 08:20:49','2019-04-16 08:20:49','Ka.Na.Pa. 4 Boje'),(409,1,433,'844092545`','Driving',1,'2019-04-16 08:20:49','2019-04-16 08:20:49','Bardibas 05 Mahottari'),(410,1,434,'9814818934','Housewife',1,'2019-04-16 08:20:50','2019-04-16 08:20:50','Ka.Na.Pa. 4 Phaant'),(411,1,435,'9817881236','hou',1,'2019-04-16 08:20:50','2019-04-16 08:20:50','Ka.Na.Pa. 4 Phaant'),(412,1,436,'9807661614','Abroad',1,'2019-04-16 08:20:50','2019-04-16 08:20:50','Ka.Na.Pa. 6 Newbasti'),(413,1,437,'9814994610','Farming',1,'2019-04-16 08:20:50','2019-04-16 08:20:50','Marin Ga.Pa. 02 Sirthauli'),(414,1,438,'+977 980-7128752','Business',1,'2019-04-16 08:20:50','2019-04-16 08:20:50','Sindhuli Dhura 6'),(415,1,439,'9804844697','Abroad',1,'2019-04-16 08:20:51','2019-04-16 08:20:51','Ka.Na. Pa. 6 Sindhuli'),(416,1,440,'9807600783','Abroad',1,'2019-04-16 08:20:51','2019-04-16 08:20:51','Ka.Na. Pa. 11 Fitting Sindhuli'),(417,1,441,'NULL','Driver',1,'2019-04-16 08:20:51','2019-04-16 08:20:51','Rampur 07 Sindhuli'),(418,1,442,'9804866083','Carpenter',1,'2019-04-16 08:20:51','2019-04-16 08:20:51','Mahottari 02'),(419,1,443,'9817646401','Driving',1,'2019-04-16 08:20:51','2019-04-16 08:20:51','Ka.Na.Pa 05'),(420,1,444,'9844092651','Driving',1,'2019-04-16 08:20:52','2019-04-16 08:20:52','Ka.Na.Pa 05'),(421,1,445,'9814793265','Driving',1,'2019-04-16 08:20:52','2019-04-16 08:20:52','Ka.Na.Pa 05'),(422,1,446,'9815819628','Farming',1,'2019-04-16 08:20:52','2019-04-16 08:20:52','Ka.Na.Pa 06'),(423,1,447,'9779811875835','Farming',1,'2019-04-16 08:20:52','2019-04-16 08:20:52','Ka.Na.Pa 03'),(424,1,448,'9779849420812','Teaching',1,'2019-04-16 08:20:52','2019-04-16 08:20:52','Mahottari 05 Khayarmara'),(425,1,449,'9779804866083','Carpenter',1,'2019-04-16 08:20:53','2019-04-16 08:20:53','Gaushala 09 Mahottari'),(426,1,450,'9816795469','Farming',1,'2019-04-16 08:20:53','2019-04-16 08:20:53','Ka.Na.Pa 11 Falichuri'),(427,1,451,'NULL','Farming',1,'2019-04-16 08:20:53','2019-04-16 08:20:53','Rajhar 01 Nawalparashi'),(428,1,452,'9819654631','Abroad',1,'2019-04-16 08:20:53','2019-04-16 08:20:53','Sunapati Ga.Pa 04 Ramechhap'),(429,1,453,'9614892684','Farming ',1,'2019-04-16 08:20:53','2019-04-16 08:20:53','Gaukharka 07 Nuwakot'),(430,1,454,'9825820774','Engineer',1,'2019-04-16 08:20:54','2019-04-16 08:20:54','Dhanusha '),(431,1,455,'9844042882','Farming ',1,'2019-04-16 08:20:54','2019-04-16 08:20:54','Dadiguranse Marin'),(432,1,456,'9844422301','Surveyer',1,'2019-04-16 08:20:54','2019-04-16 08:20:54','Ka.Na.Pa 06 Dhurabazzar'),(433,1,457,'9844429802','Abroad',1,'2019-04-16 08:20:54','2019-04-16 08:20:54','Ka.Na.Pa. 04'),(434,1,458,'9844019624','Carpenter',1,'2019-04-16 08:20:54','2019-04-16 08:20:54','Ka.Na.Pa.04 '),(435,1,459,'9815872733','Business',1,'2019-04-16 08:20:54','2019-04-16 08:20:54','Ka.Na.Pa. 06'),(436,1,460,'9819618841','Farming ',1,'2019-04-16 08:20:55','2019-04-16 08:20:55','Ka.Na.Pa. 06'),(437,1,461,'9809649470','Abroad',1,'2019-04-16 08:20:55','2019-04-16 08:20:55','Ka.Na.Pa. 04'),(438,1,462,'9844082400','Driver',1,'2019-04-16 08:20:55','2019-04-16 08:20:55','Ramechhap '),(439,1,463,'9807823360','Hotel Labour',1,'2019-04-16 08:20:55','2019-04-16 08:20:55','Ka.Na.Pa. 09'),(440,1,464,'9818169493','Farming ',1,'2019-04-16 08:20:55','2019-04-16 08:20:55','Ka.Na.Pa. 06'),(441,1,465,'9814267174','Business',1,'2019-04-16 08:20:56','2019-04-16 08:20:56','Ka.Na.Pa. 06');
/*!40000 ALTER TABLE `parents` ENABLE KEYS */;
UNLOCK TABLES;
DROP TABLE IF EXISTS `password_resets`;
/*!40101 SET @saved_cs_client     = @@character_set_client */;
/*!40101 SET character_set_client = utf8 */;
CREATE TABLE `password_resets` (
  `email` varchar(100) COLLATE utf8mb4_unicode_ci NOT NULL,
  `token` varchar(100) COLLATE utf8mb4_unicode_ci NOT NULL,
  `created_at` timestamp NULL DEFAULT NULL,
  KEY `password_resets_email_index` (`email`)
) ENGINE=InnoDB DEFAULT CHARSET=utf8mb4 COLLATE=utf8mb4_unicode_ci;
/*!40101 SET character_set_client = @saved_cs_client */;

LOCK TABLES `password_resets` WRITE;
/*!40000 ALTER TABLE `password_resets` DISABLE KEYS */;
/*!40000 ALTER TABLE `password_resets` ENABLE KEYS */;
UNLOCK TABLES;
DROP TABLE IF EXISTS `scholarships`;
/*!40101 SET @saved_cs_client     = @@character_set_client */;
/*!40101 SET character_set_client = utf8 */;
CREATE TABLE `scholarships` (
  `id` bigint(20) unsigned NOT NULL AUTO_INCREMENT,
  `school_id` bigint(20) unsigned NOT NULL,
  `name` varchar(100) COLLATE utf8mb4_unicode_ci NOT NULL,
  `percentage` int(11) NOT NULL,
  `is_active` int(11) NOT NULL DEFAULT '1',
  `created_at` timestamp NULL DEFAULT NULL,
  `updated_at` timestamp NULL DEFAULT NULL,
  PRIMARY KEY (`id`),
  KEY `scholarships_school_id_foreign` (`school_id`),
  CONSTRAINT `scholarships_school_id_foreign` FOREIGN KEY (`school_id`) REFERENCES `schools` (`id`) ON DELETE CASCADE
) ENGINE=InnoDB DEFAULT CHARSET=utf8mb4 COLLATE=utf8mb4_unicode_ci;
/*!40101 SET character_set_client = @saved_cs_client */;

LOCK TABLES `scholarships` WRITE;
/*!40000 ALTER TABLE `scholarships` DISABLE KEYS */;
/*!40000 ALTER TABLE `scholarships` ENABLE KEYS */;
UNLOCK TABLES;
DROP TABLE IF EXISTS `school_details`;
/*!40101 SET @saved_cs_client     = @@character_set_client */;
/*!40101 SET character_set_client = utf8 */;
CREATE TABLE `school_details` (
  `id` bigint(20) unsigned NOT NULL AUTO_INCREMENT,
  `school_id` bigint(20) unsigned NOT NULL,
  `currency` varchar(100) COLLATE utf8mb4_unicode_ci DEFAULT NULL,
  `running_session` varchar(100) COLLATE utf8mb4_unicode_ci DEFAULT NULL,
  `created_at` timestamp NULL DEFAULT NULL,
  `updated_at` timestamp NULL DEFAULT NULL,
  PRIMARY KEY (`id`),
  KEY `school_details_school_id_foreign` (`school_id`),
  CONSTRAINT `school_details_school_id_foreign` FOREIGN KEY (`school_id`) REFERENCES `schools` (`id`) ON DELETE CASCADE
) ENGINE=InnoDB AUTO_INCREMENT=2 DEFAULT CHARSET=utf8mb4 COLLATE=utf8mb4_unicode_ci;
/*!40101 SET character_set_client = @saved_cs_client */;

LOCK TABLES `school_details` WRITE;
/*!40000 ALTER TABLE `school_details` DISABLE KEYS */;
INSERT INTO `school_details` VALUES (1,1,'nrs','2076-2077','2019-04-15 20:26:11','2019-04-17 10:32:30');
/*!40000 ALTER TABLE `school_details` ENABLE KEYS */;
UNLOCK TABLES;
DROP TABLE IF EXISTS `school_licenses`;
/*!40101 SET @saved_cs_client     = @@character_set_client */;
/*!40101 SET character_set_client = utf8 */;
CREATE TABLE `school_licenses` (
  `id` bigint(20) unsigned NOT NULL AUTO_INCREMENT,
  `school_id` bigint(20) unsigned NOT NULL,
  `license_id` int(11) DEFAULT NULL,
  `valid_till` datetime DEFAULT NULL,
  `created_at` timestamp NULL DEFAULT NULL,
  `updated_at` timestamp NULL DEFAULT NULL,
  PRIMARY KEY (`id`),
  KEY `school_licenses_school_id_foreign` (`school_id`),
  CONSTRAINT `school_licenses_school_id_foreign` FOREIGN KEY (`school_id`) REFERENCES `schools` (`id`) ON DELETE CASCADE
) ENGINE=InnoDB AUTO_INCREMENT=2 DEFAULT CHARSET=utf8mb4 COLLATE=utf8mb4_unicode_ci;
/*!40101 SET character_set_client = @saved_cs_client */;

LOCK TABLES `school_licenses` WRITE;
/*!40000 ALTER TABLE `school_licenses` DISABLE KEYS */;
INSERT INTO `school_licenses` VALUES (1,1,1,'2020-04-16 02:11:33','2019-04-15 20:26:11','2019-04-15 20:26:33');
/*!40000 ALTER TABLE `school_licenses` ENABLE KEYS */;
UNLOCK TABLES;
DROP TABLE IF EXISTS `schools`;
/*!40101 SET @saved_cs_client     = @@character_set_client */;
/*!40101 SET character_set_client = utf8 */;
CREATE TABLE `schools` (
  `id` bigint(20) unsigned NOT NULL AUTO_INCREMENT,
  `user_id` bigint(20) unsigned NOT NULL,
  `name` varchar(100) COLLATE utf8mb4_unicode_ci NOT NULL,
  `email` varchar(100) COLLATE utf8mb4_unicode_ci NOT NULL,
  `address` varchar(100) COLLATE utf8mb4_unicode_ci NOT NULL,
  `contact_number` varchar(100) COLLATE utf8mb4_unicode_ci NOT NULL,
  `contact_person` varchar(100) COLLATE utf8mb4_unicode_ci NOT NULL,
  `logo` varchar(100) COLLATE utf8mb4_unicode_ci NOT NULL,
  `is_active` int(11) NOT NULL DEFAULT '1',
  `created_at` timestamp NULL DEFAULT NULL,
  `updated_at` timestamp NULL DEFAULT NULL,
  PRIMARY KEY (`id`),
  UNIQUE KEY `schools_email_unique` (`email`),
  KEY `schools_user_id_foreign` (`user_id`),
  CONSTRAINT `schools_user_id_foreign` FOREIGN KEY (`user_id`) REFERENCES `users` (`id`) ON DELETE CASCADE
) ENGINE=InnoDB AUTO_INCREMENT=2 DEFAULT CHARSET=utf8mb4 COLLATE=utf8mb4_unicode_ci;
/*!40101 SET character_set_client = @saved_cs_client */;

LOCK TABLES `schools` WRITE;
/*!40000 ALTER TABLE `schools` DISABLE KEYS */;
INSERT INTO `schools` VALUES (1,2,'Samaya Pathshala','samayapathshala@gmail.com','Kamalamai Municipality-6,Dhura Bazar, Sindhuli','+977-047-520431','Shayam Ghalan','assets/uploads/school/logo/logo1555420292.png',1,'2019-04-15 20:26:11','2019-04-16 07:26:32');
/*!40000 ALTER TABLE `schools` ENABLE KEYS */;
UNLOCK TABLES;
DROP TABLE IF EXISTS `students`;
/*!40101 SET @saved_cs_client     = @@character_set_client */;
/*!40101 SET character_set_client = utf8 */;
CREATE TABLE `students` (
  `id` bigint(20) unsigned NOT NULL AUTO_INCREMENT,
  `enroll_id` bigint(20) unsigned NOT NULL,
  `user_id` bigint(20) unsigned NOT NULL,
  `parent_id` bigint(20) unsigned NOT NULL,
  `transport_id` int(11) DEFAULT NULL,
  `scholarship_id` int(11) DEFAULT NULL,
  `date_of_birth` date DEFAULT NULL,
  `gender` varchar(100) COLLATE utf8mb4_unicode_ci DEFAULT NULL,
  `religion` varchar(100) COLLATE utf8mb4_unicode_ci DEFAULT NULL,
  `address` varchar(100) COLLATE utf8mb4_unicode_ci NOT NULL,
  `created_at` timestamp NULL DEFAULT NULL,
  `updated_at` timestamp NULL DEFAULT NULL,
  PRIMARY KEY (`id`),
  KEY `students_enroll_id_foreign` (`enroll_id`),
  KEY `students_user_id_foreign` (`user_id`),
  KEY `students_parent_id_foreign` (`parent_id`)
) ENGINE=InnoDB AUTO_INCREMENT=9 DEFAULT CHARSET=utf8mb4 COLLATE=utf8mb4_unicode_ci;
/*!40101 SET character_set_client = @saved_cs_client */;

LOCK TABLES `students` WRITE;
/*!40000 ALTER TABLE `students` DISABLE KEYS */;
INSERT INTO `students` VALUES (1,1,466,1,NULL,NULL,NULL,NULL,NULL,'male','2019-04-17 08:26:30','2019-04-17 08:26:30'),(2,2,467,44,NULL,NULL,NULL,NULL,NULL,'Ka.Na.Pa 06 Sindhuli','2019-04-17 08:29:32','2019-04-17 08:29:32'),(3,3,468,60,NULL,NULL,NULL,NULL,NULL,'Ka.Na. Pa. 6 Sindhuli','2019-04-17 08:29:32','2019-04-17 08:29:32'),(4,4,469,28,NULL,NULL,NULL,NULL,NULL,'Makwanpur Raigaun','2019-04-17 08:29:32','2019-04-17 08:29:32'),(5,5,470,29,NULL,NULL,NULL,NULL,NULL,'Ka.Na.Pa 05 Chisapani','2019-04-17 08:29:33','2019-04-17 08:29:33'),(6,6,471,30,NULL,NULL,NULL,NULL,NULL,'Ka.Na.Pa 05 Chisapani','2019-04-17 08:29:33','2019-04-17 08:29:33'),(7,7,472,31,NULL,NULL,NULL,NULL,NULL,'Dadigurashe 08 Sindhuli','2019-04-17 08:29:33','2019-04-17 08:29:33'),(8,8,473,33,NULL,NULL,NULL,NULL,NULL,'Ka.Na.Pa 05 Chisapani','2019-04-17 08:29:33','2019-04-17 08:29:33');
/*!40000 ALTER TABLE `students` ENABLE KEYS */;
UNLOCK TABLES;
DROP TABLE IF EXISTS `subjects`;
/*!40101 SET @saved_cs_client     = @@character_set_client */;
/*!40101 SET character_set_client = utf8 */;
CREATE TABLE `subjects` (
  `id` bigint(20) unsigned NOT NULL AUTO_INCREMENT,
  `school_id` bigint(20) unsigned NOT NULL,
  `class_id` bigint(20) unsigned NOT NULL,
  `teacher_id` bigint(20) unsigned NOT NULL,
  `name` varchar(100) COLLATE utf8mb4_unicode_ci NOT NULL,
  `type` enum('is_oral_written','is_none') COLLATE utf8mb4_unicode_ci NOT NULL,
  `full_marks` int(11) NOT NULL,
  `full_marks_theory` int(11) DEFAULT NULL,
  `full_marks_practical` int(11) DEFAULT NULL,
  `is_active` int(11) NOT NULL DEFAULT '1',
  `created_at` timestamp NULL DEFAULT NULL,
  `updated_at` timestamp NULL DEFAULT NULL,
  PRIMARY KEY (`id`),
  KEY `subjects_school_id_foreign` (`school_id`),
  KEY `subjects_class_id_foreign` (`class_id`),
  KEY `subjects_teacher_id_foreign` (`teacher_id`)
) ENGINE=InnoDB AUTO_INCREMENT=110 DEFAULT CHARSET=utf8mb4 COLLATE=utf8mb4_unicode_ci;
/*!40101 SET character_set_client = @saved_cs_client */;

LOCK TABLES `subjects` WRITE;
/*!40000 ALTER TABLE `subjects` DISABLE KEYS */;
INSERT INTO `subjects` VALUES (1,1,1,1,'English','is_oral_written',100,50,50,1,'2019-04-19 23:16:05','2019-04-19 23:16:05'),(2,1,1,1,'Nepali','is_oral_written',100,50,50,1,'2019-04-19 23:16:16','2019-04-19 23:16:16'),(3,1,1,1,'Mathematics','is_oral_written',100,50,50,1,'2019-04-19 23:16:37','2019-04-19 23:16:37'),(4,1,1,1,'Drawing/Colouring','is_none',100,0,0,1,'2019-04-19 23:16:53','2019-04-19 23:16:53'),(5,1,1,1,'Conversation / Rhymes','is_none',100,0,0,1,'2019-04-19 23:17:07','2019-04-19 23:17:07'),(6,1,2,1,'English','is_oral_written',100,80,20,1,'2019-04-19 23:18:58','2019-04-19 23:18:58'),(7,1,2,1,'Nepali','is_oral_written',100,80,20,1,'2019-04-19 23:19:09','2019-04-19 23:19:09'),(8,1,2,1,'Maths','is_none',100,0,0,1,'2019-04-19 23:19:19','2019-04-19 23:19:19'),(9,1,2,1,'Social Science','is_none',100,0,0,1,'2019-04-19 23:19:35','2019-04-19 23:19:35'),(10,1,2,1,'Drawing / Colouring','is_none',100,0,0,1,'2019-04-19 23:19:51','2019-04-19 23:19:51'),(11,1,2,1,'Conversation / Rhymes','is_none',100,0,0,1,'2019-04-19 23:20:08','2019-04-19 23:20:08'),(12,1,2,1,'Spelling','is_none',50,0,0,1,'2019-04-19 23:20:17','2019-04-19 23:20:17'),(13,1,3,1,'English','is_none',100,0,0,1,'2019-04-19 23:21:01','2019-04-19 23:21:01'),(14,1,3,1,'Nepali','is_oral_written',100,80,20,1,'2019-04-19 23:21:13','2019-04-19 23:21:13'),(15,1,3,1,'Maths','is_none',100,0,0,1,'2019-04-19 23:21:27','2019-04-19 23:21:27'),(16,1,3,1,'Social','is_none',100,0,0,1,'2019-04-19 23:21:44','2019-04-19 23:21:44'),(17,1,3,1,'Science','is_none',100,0,0,1,'2019-04-19 23:21:55','2019-04-19 23:21:55'),(18,1,3,1,'Drawing / Colouring','is_none',100,0,0,1,'2019-04-19 23:22:07','2019-04-19 23:22:07'),(19,1,3,1,'Conversation / Rhymes','is_none',100,0,0,1,'2019-04-19 23:22:23','2019-04-19 23:22:23'),(20,1,3,1,'Spelling','is_none',50,0,0,1,'2019-04-19 23:22:41','2019-04-19 23:22:41'),(21,1,4,1,'English I','is_oral_written',100,90,10,1,'2019-04-19 23:23:21','2019-04-19 23:23:21'),(22,1,4,1,'English II','is_oral_written',100,90,10,1,'2019-04-19 23:23:31','2019-04-19 23:23:31'),(23,1,4,1,'Nepali','is_none',100,0,0,1,'2019-04-19 23:23:43','2019-04-19 23:23:43'),(24,1,4,1,'Mathematics','is_none',100,0,0,1,'2019-04-19 23:24:00','2019-04-19 23:24:00'),(25,1,4,1,'Science','is_none',100,0,0,1,'2019-04-19 23:24:10','2019-04-19 23:24:10'),(26,1,4,1,'Social Studies','is_oral_written',100,90,10,1,'2019-04-19 23:24:30','2019-04-19 23:24:30'),(27,1,4,1,'General Knowledge','is_none',50,0,0,1,'2019-04-19 23:24:45','2019-04-19 23:24:45'),(28,1,4,1,'Computer','is_oral_written',100,75,25,1,'2019-04-19 23:25:08','2019-04-19 23:25:08'),(29,1,4,1,'Drawing','is_none',100,0,0,1,'2019-04-19 23:25:23','2019-04-19 23:25:23'),(30,1,4,1,'Spelling','is_oral_written',50,0,0,1,'2019-04-19 23:25:39','2019-04-19 23:25:39'),(31,1,5,1,'English I','is_oral_written',100,90,10,1,'2019-04-19 23:26:22','2019-04-19 23:26:22'),(32,1,5,1,'English II','is_oral_written',100,90,10,1,'2019-04-19 23:26:33','2019-04-19 23:26:33'),(33,1,5,1,'Nepali','is_none',100,0,0,1,'2019-04-19 23:26:46','2019-04-19 23:26:46'),(34,1,5,1,'Mathematics','is_none',100,0,0,1,'2019-04-19 23:27:02','2019-04-19 23:27:02'),(35,1,5,1,'Science','is_none',100,0,0,1,'2019-04-19 23:27:15','2019-04-19 23:27:15'),(36,1,5,1,'Social Studies','is_oral_written',100,90,10,1,'2019-04-19 23:27:35','2019-04-19 23:27:35'),(37,1,5,1,'General Knowledge','is_none',50,0,0,1,'2019-04-19 23:27:58','2019-04-19 23:27:58'),(38,1,5,1,'Computer','is_oral_written',100,75,25,1,'2019-04-19 23:28:11','2019-04-19 23:28:11'),(39,1,5,1,'Drawing','is_none',100,0,0,1,'2019-04-19 23:28:23','2019-04-19 23:28:23'),(40,1,5,1,'Spelling','is_none',50,0,0,1,'2019-04-19 23:28:43','2019-04-19 23:28:43'),(41,1,6,1,'English I','is_oral_written',100,90,10,1,'2019-04-19 23:29:17','2019-04-19 23:29:17'),(42,1,6,1,'English II','is_oral_written',100,90,10,1,'2019-04-19 23:29:31','2019-04-19 23:29:31'),(43,1,6,1,'Nepali','is_none',100,0,0,1,'2019-04-19 23:29:43','2019-04-19 23:29:43'),(44,1,6,1,'Mathematics','is_none',100,0,0,1,'2019-04-19 23:29:54','2019-04-19 23:29:54'),(45,1,6,1,'Science','is_none',100,0,0,1,'2019-04-19 23:30:06','2019-04-19 23:30:06'),(46,1,6,1,'Social Studies','is_oral_written',100,90,10,1,'2019-04-19 23:30:18','2019-04-19 23:30:18'),(47,1,6,1,'General Knowledge','is_none',50,0,0,1,'2019-04-19 23:30:36','2019-04-19 23:30:36'),(48,1,6,1,'Computer','is_oral_written',100,75,25,1,'2019-04-19 23:30:53','2019-04-19 23:30:53'),(49,1,6,1,'Drawing','is_none',100,0,0,1,'2019-04-19 23:31:04','2019-04-19 23:31:04'),(50,1,6,1,'Spelling','is_none',50,0,0,1,'2019-04-19 23:31:19','2019-04-19 23:31:19'),(51,1,7,1,'English-I','is_oral_written',100,90,10,1,'2019-04-19 23:33:05','2019-04-19 23:33:05'),(52,1,7,1,'English-II','is_oral_written',100,90,10,1,'2019-04-19 23:33:15','2019-04-19 23:33:15'),(53,1,7,1,'Nepali','is_none',100,0,0,1,'2019-04-19 23:33:24','2019-04-19 23:33:24'),(54,1,7,1,'Mathematics','is_none',100,0,0,1,'2019-04-19 23:33:34','2019-04-19 23:33:34'),(55,1,7,1,'Science','is_none',100,0,0,1,'2019-04-19 23:33:49','2019-04-19 23:33:49'),(56,1,7,1,'Social Studies','is_oral_written',100,90,10,1,'2019-04-19 23:34:07','2019-04-19 23:34:07'),(57,1,7,1,'General Knowledge','is_none',50,0,0,1,'2019-04-19 23:34:23','2019-04-19 23:34:23'),(58,1,7,1,'Moral','is_none',50,0,0,1,'2019-04-19 23:34:33','2019-04-19 23:34:33'),(59,1,7,1,'Computer Science','is_oral_written',100,75,25,1,'2019-04-19 23:34:47','2019-04-19 23:34:47'),(60,1,7,1,'Spelling','is_none',50,0,0,1,'2019-04-19 23:35:04','2019-04-19 23:35:04'),(61,1,8,1,'English -I','is_oral_written',100,90,10,1,'2019-04-19 23:35:50','2019-04-19 23:35:50'),(62,1,8,1,'English - II','is_oral_written',100,90,10,1,'2019-04-19 23:36:01','2019-04-19 23:36:01'),(63,1,8,1,'Nepali','is_none',100,0,0,1,'2019-04-19 23:36:14','2019-04-19 23:36:14'),(64,1,8,1,'Mathematics','is_none',100,0,0,1,'2019-04-19 23:36:23','2019-04-19 23:36:23'),(65,1,8,1,'Social Studies','is_oral_written',100,90,10,1,'2019-04-19 23:36:39','2019-04-19 23:36:39'),(66,1,8,1,'Science','is_none',100,0,0,1,'2019-04-19 23:36:58','2019-04-19 23:36:58'),(67,1,8,1,'General Knowledge','is_none',50,0,0,1,'2019-04-19 23:37:19','2019-04-19 23:37:19'),(68,1,8,1,'Computer Science','is_oral_written',100,75,25,1,'2019-04-19 23:37:34','2019-04-19 23:37:34'),(69,1,8,1,'Moral','is_none',50,0,0,1,'2019-04-19 23:37:47','2019-04-19 23:37:47'),(70,1,8,1,'Spelling','is_none',50,0,0,1,'2019-04-19 23:37:58','2019-04-19 23:37:58'),(71,1,9,1,'English','is_oral_written',100,90,10,1,'2019-04-19 23:40:18','2019-04-19 23:40:18'),(72,1,9,1,'Nepali','is_none',100,0,0,1,'2019-04-19 23:40:27','2019-04-19 23:40:27'),(73,1,9,1,'Mathematics','is_none',100,0,0,1,'2019-04-19 23:40:38','2019-04-19 23:40:38'),(74,1,9,1,'Science','is_none',100,0,0,1,'2019-04-19 23:40:52','2019-04-19 23:40:52'),(75,1,9,1,'Social Studies','is_oral_written',100,90,10,1,'2019-04-19 23:41:07','2019-04-19 23:41:07'),(76,1,9,1,'Health & Phy','is_none',50,0,0,1,'2019-04-19 23:41:23','2019-04-19 23:41:29'),(77,1,9,1,'OBTE','is_oral_written',100,90,10,1,'2019-04-19 23:41:44','2019-04-19 23:41:44'),(78,1,9,1,'Computer','is_oral_written',100,75,25,1,'2019-04-19 23:41:56','2019-04-19 23:41:56'),(79,1,9,1,'Moral','is_none',50,0,0,1,'2019-04-19 23:42:09','2019-04-19 23:42:09'),(80,1,9,1,'Spelling','is_none',50,0,0,1,'2019-04-19 23:42:48','2019-04-19 23:42:48'),(81,1,10,1,'English','is_oral_written',100,90,10,1,'2019-04-19 23:43:07','2019-04-19 23:43:07'),(82,1,10,1,'Nepali','is_none',100,0,0,1,'2019-04-19 23:43:17','2019-04-19 23:43:17'),(83,1,10,1,'Mathematics','is_none',100,0,0,1,'2019-04-19 23:43:29','2019-04-19 23:43:29'),(84,1,10,1,'Science','is_none',100,0,0,1,'2019-04-19 23:43:39','2019-04-19 23:43:39'),(85,1,10,1,'Social Studies','is_oral_written',100,90,10,1,'2019-04-19 23:43:55','2019-04-19 23:43:55'),(86,1,10,1,'Health & Physical Education','is_none',50,0,0,1,'2019-04-19 23:44:16','2019-04-19 23:44:16'),(87,1,10,1,'Computer Science','is_oral_written',100,75,25,1,'2019-04-19 23:44:36','2019-04-19 23:44:36'),(88,1,10,1,'Opt.Math','is_none',50,0,0,1,'2019-04-19 23:44:52','2019-04-19 23:44:52'),(89,1,10,1,'OBTE','is_oral_written',50,40,10,1,'2019-04-19 23:45:08','2019-04-19 23:45:08'),(90,1,10,1,'Moral','is_none',50,0,0,1,'2019-04-19 23:45:29','2019-04-19 23:45:29'),(91,1,11,1,'English','is_oral_written',100,75,25,1,'2019-04-19 23:46:09','2019-04-19 23:46:09'),(92,1,11,1,'Nepali','is_oral_written',100,75,25,1,'2019-04-19 23:46:24','2019-04-19 23:46:24'),(93,1,11,1,'Mathematics','is_none',100,0,0,1,'2019-04-19 23:46:34','2019-04-19 23:46:34'),(94,1,11,1,'Science','is_oral_written',100,75,25,1,'2019-04-19 23:46:48','2019-04-19 23:46:48'),(95,1,11,1,'Social','is_oral_written',100,75,25,1,'2019-04-19 23:47:01','2019-04-19 23:47:01'),(96,1,11,1,'Opt. Math','is_none',50,0,0,1,'2019-04-19 23:47:11','2019-04-19 23:47:11'),(97,1,11,1,'Computer','is_oral_written',100,50,50,1,'2019-04-19 23:47:30','2019-04-19 23:47:30'),(98,1,11,1,'OBTE','is_oral_written',100,50,50,1,'2019-04-19 23:47:41','2019-04-19 23:47:41'),(99,1,11,1,'Health','is_oral_written',50,30,20,1,'2019-04-19 23:47:54','2019-04-19 23:47:54'),(100,1,11,1,'Moral','is_oral_written',50,25,25,1,'2019-04-19 23:48:07','2019-04-19 23:48:07'),(101,1,12,1,'English','is_oral_written',100,75,25,1,'2019-04-19 23:49:55','2019-04-19 23:49:55'),(102,1,12,1,'Nepali','is_oral_written',100,75,25,1,'2019-04-19 23:50:06','2019-04-19 23:50:06'),(103,1,12,1,'C. Mathematics','is_none',100,0,0,1,'2019-04-19 23:50:24','2019-04-19 23:50:24'),(104,1,12,1,'Science','is_oral_written',100,75,25,1,'2019-04-19 23:50:34','2019-04-19 23:50:34'),(105,1,12,1,'Social Studies','is_oral_written',100,75,25,1,'2019-04-19 23:50:48','2019-04-19 23:50:48'),(106,1,12,1,'EPH','is_oral_written',100,75,25,1,'2019-04-19 23:50:59','2019-04-19 23:50:59'),(107,1,12,1,'Opt. Mathematics','is_none',100,0,0,1,'2019-04-19 23:51:10','2019-04-19 23:51:10'),(108,1,12,1,'Opt.Accountancy','is_oral_written',100,75,25,1,'2019-04-19 23:51:27','2019-04-19 23:51:27'),(109,1,12,1,'Spelling','is_none',50,0,0,1,'2019-04-19 23:51:39','2019-04-19 23:51:39');
/*!40000 ALTER TABLE `subjects` ENABLE KEYS */;
UNLOCK TABLES;
DROP TABLE IF EXISTS `teachers`;
/*!40101 SET @saved_cs_client     = @@character_set_client */;
/*!40101 SET character_set_client = utf8 */;
CREATE TABLE `teachers` (
  `id` bigint(20) unsigned NOT NULL AUTO_INCREMENT,
  `school_id` bigint(20) unsigned NOT NULL,
  `user_id` bigint(20) unsigned NOT NULL,
  `designation` varchar(100) COLLATE utf8mb4_unicode_ci NOT NULL,
  `hired_date` date DEFAULT NULL,
  `date_of_birth` date NOT NULL,
  `gender` enum('male','female') COLLATE utf8mb4_unicode_ci NOT NULL,
  `addresss` varchar(100) COLLATE utf8mb4_unicode_ci NOT NULL,
  `phone` varchar(100) COLLATE utf8mb4_unicode_ci DEFAULT NULL,
  `photo` varchar(100) COLLATE utf8mb4_unicode_ci DEFAULT NULL,
  `created_at` timestamp NULL DEFAULT NULL,
  `updated_at` timestamp NULL DEFAULT NULL,
  PRIMARY KEY (`id`),
  KEY `teachers_school_id_foreign` (`school_id`),
  KEY `teachers_user_id_foreign` (`user_id`)
) ENGINE=InnoDB AUTO_INCREMENT=22 DEFAULT CHARSET=utf8mb4 COLLATE=utf8mb4_unicode_ci;
/*!40101 SET character_set_client = @saved_cs_client */;

LOCK TABLES `teachers` WRITE;
/*!40000 ALTER TABLE `teachers` DISABLE KEYS */;
INSERT INTO `teachers` VALUES (1,1,4,'Computer Teacher / Exam Coordinator',NULL,'1985-07-10','male','Dhura Faat',NULL,NULL,'2019-04-16 07:29:51','2019-04-16 07:29:51'),(2,1,5,'Vice. Principal',NULL,'1985-06-11','male','Ka.Na.Pa. 6',NULL,NULL,'2019-04-16 07:29:51','2019-04-16 07:29:51'),(3,1,6,'Basic Level Teacher',NULL,'1999-01-27','male','Ka.Na.Pa. 5',NULL,NULL,'2019-04-16 07:29:51','2019-04-16 07:29:51'),(4,1,7,'Primary Teacher',NULL,'1999-01-27','male','Ka.Na.Pa. 5',NULL,NULL,'2019-04-16 07:29:52','2019-04-16 07:29:52'),(5,1,8,'Basic Level Teacher / DI',NULL,'1993-07-14','male','Ka.Na.Pa. 5',NULL,NULL,'2019-04-16 07:29:52','2019-04-16 07:29:52'),(6,1,9,'Primary Teacher',NULL,'1998-11-20','female','Ka.Na.Pa. 5',NULL,NULL,'2019-04-16 07:29:52','2019-04-16 07:29:52'),(7,1,10,'Pre Primary Teacher',NULL,'1990-09-04','female','Ka.Na.Pa. 6',NULL,NULL,'2019-04-16 07:29:52','2019-04-16 07:29:52'),(8,1,11,'Pre Primary Teacher',NULL,'1996-09-28','female','Ka.Na.Pa. 4',NULL,NULL,'2019-04-16 07:29:52','2019-04-16 07:29:52'),(9,1,12,'Pre Primary Teacher',NULL,'1994-05-27','female','Ka.Na.Pa. 5',NULL,NULL,'2019-04-16 07:29:52','2019-04-16 07:29:52'),(10,1,13,'Primary Teacher',NULL,'1998-02-14','female','Ka.Na.Pa. 6',NULL,NULL,'2019-04-16 07:29:53','2019-04-16 07:29:53'),(11,1,14,'Primary Teacher',NULL,'1999-07-31','female','Ka.Na.Pa. 6',NULL,NULL,'2019-04-16 07:29:53','2019-04-16 07:29:53'),(12,1,15,'Pre Primary Teacher',NULL,'1997-03-15','female','Ka.Na.Pa. 5',NULL,NULL,'2019-04-16 07:29:53','2019-04-16 07:29:53'),(13,1,16,'Pre Primary Teacher / Incharge',NULL,'1987-10-15','female','Ka.Na.Pa. 5',NULL,NULL,'2019-04-16 07:29:53','2019-04-16 07:29:53'),(14,1,17,'Pre Primary Teacher',NULL,'1990-06-08','female','Ka.Na.Pa. 6',NULL,NULL,'2019-04-16 07:29:53','2019-04-16 07:29:53'),(15,1,18,'Basic Level Teacher / ECA Incharge',NULL,'1995-10-26','female','Ka.Na.Pa. 6',NULL,NULL,'2019-04-16 07:29:54','2019-04-16 07:29:54'),(16,1,19,'Primary Teacher',NULL,'1997-07-25','female','Ka.Na.Pa. 8',NULL,NULL,'2019-04-16 07:29:54','2019-04-16 07:29:54'),(17,1,20,'Basic Level Teacher',NULL,'1996-07-27','female','Ka.Na.Pa. 8',NULL,NULL,'2019-04-16 07:29:54','2019-04-16 07:29:54'),(18,1,21,'Pre Primary Teacher',NULL,'1984-06-04','female','Ka.Na.Pa. 4',NULL,NULL,'2019-04-16 07:29:54','2019-04-16 07:29:54'),(19,1,22,'Principal',NULL,'1980-02-13','male','Ka.Na.Pa. 6',NULL,NULL,'2019-04-16 07:29:54','2019-04-16 07:29:54'),(20,1,23,'Primary Teacher ',NULL,'1980-02-13','male','Ka.Na. Pa. 11 Fitting Sindhuli',NULL,NULL,'2019-04-16 07:29:55','2019-04-16 07:29:55'),(21,1,24,'Teacher',NULL,'1980-02-13','male','Gyanglekh Sindhuli',NULL,NULL,'2019-04-16 07:29:55','2019-04-16 07:29:55');
/*!40000 ALTER TABLE `teachers` ENABLE KEYS */;
UNLOCK TABLES;
DROP TABLE IF EXISTS `transports`;
/*!40101 SET @saved_cs_client     = @@character_set_client */;
/*!40101 SET character_set_client = utf8 */;
CREATE TABLE `transports` (
  `id` bigint(20) unsigned NOT NULL AUTO_INCREMENT,
  `school_id` bigint(20) unsigned NOT NULL,
  `name` varchar(100) COLLATE utf8mb4_unicode_ci NOT NULL,
  `number_of_vehicle` int(11) NOT NULL,
  `fare` int(11) NOT NULL,
  `is_active` int(11) NOT NULL DEFAULT '1',
  `created_at` timestamp NULL DEFAULT NULL,
  `updated_at` timestamp NULL DEFAULT NULL,
  PRIMARY KEY (`id`),
  KEY `transports_school_id_foreign` (`school_id`)
) ENGINE=InnoDB DEFAULT CHARSET=utf8mb4 COLLATE=utf8mb4_unicode_ci;
/*!40101 SET character_set_client = @saved_cs_client */;

LOCK TABLES `transports` WRITE;
/*!40000 ALTER TABLE `transports` DISABLE KEYS */;
/*!40000 ALTER TABLE `transports` ENABLE KEYS */;
UNLOCK TABLES;
DROP TABLE IF EXISTS `users`;
/*!40101 SET @saved_cs_client     = @@character_set_client */;
/*!40101 SET character_set_client = utf8 */;
CREATE TABLE `users` (
  `id` bigint(20) unsigned NOT NULL AUTO_INCREMENT,
  `name` varchar(100) COLLATE utf8mb4_unicode_ci NOT NULL,
  `email` varchar(100) COLLATE utf8mb4_unicode_ci NOT NULL,
  `email_verified_at` timestamp NULL DEFAULT NULL,
  `password` varchar(100) COLLATE utf8mb4_unicode_ci NOT NULL,
  `remember_token` varchar(100) COLLATE utf8mb4_unicode_ci DEFAULT NULL,
  `created_at` timestamp NULL DEFAULT NULL,
  `updated_at` timestamp NULL DEFAULT NULL,
  `user_type` int(11) NOT NULL DEFAULT '1',
  `is_active` int(11) NOT NULL DEFAULT '1',
  PRIMARY KEY (`id`),
  UNIQUE KEY `users_email_unique` (`email`)
) ENGINE=InnoDB AUTO_INCREMENT=474 DEFAULT CHARSET=utf8mb4 COLLATE=utf8mb4_unicode_ci;
/*!40101 SET character_set_client = @saved_cs_client */;

LOCK TABLES `users` WRITE;
/*!40000 ALTER TABLE `users` DISABLE KEYS */;
INSERT INTO `users` VALUES (1,'Codemandu','info@cmbs.com.np',NULL,'$2y$10$D8kzFTWe0yjXjhVhCb1eROfkKCUWRH9Dzheb63.1KUIZ2cOQpy8Qi',NULL,NULL,NULL,1,1),(2,'Shayam Ghalan','samayapathshala@gmail.com',NULL,'$2y$10$WJku3vMN3mkf993mrkw.j.z05e2/UTMrqJ9HbgL2gCn2IgSGLV6n6','g5A3KXnQzoX4snUvCekHMCyyJkxVBFNCuopLLo1dHbvSJAKSNR83CArMYn1R','2019-04-15 20:26:11','2019-04-15 20:26:11',2,1),(4,'Shyam Kumar Ghalan','shyamglaan@gmail.com',NULL,'$2y$10$h21VKYEv9lM4X415L6nrB.Go1s2OMlSmiagL/h0Zxa3QONB1w8lVW',NULL,'2019-04-16 07:29:51','2019-04-16 07:29:51',3,1),(5,'Dilendra Kumar Bajyoo','bajyoodilendra@samaya.np',NULL,'$2y$10$ZEiHrvg0uNv1vM0wEJoiRuIE4eWJ/LjGju4BdX3wBrG6NJsjmErpy',NULL,'2019-04-16 07:29:51','2019-04-16 07:29:51',3,1),(6,'Ganesh Tamang','ganeshtamang@samaya.com.np',NULL,'$2y$10$CxlxdnZ5TYF9ciLGkh.TM.VyKjHkNKFzCNHhMe4zdMEioqdNQb6MS',NULL,'2019-04-16 07:29:51','2019-04-16 07:29:51',3,1),(7,'Buddha Tamang','buddhatamang@samaya.com.np',NULL,'$2y$10$UoKRtz66gIx3i.outx3CvuWecYDi5n0Stm6cLrJ0e4JN5XqZRtBc.',NULL,'2019-04-16 07:29:51','2019-04-16 07:29:51',3,1),(8,'JB Tamang','jbtamang@samaya.com.np',NULL,'$2y$10$.ctk3wIPyVyJImP7BOqvhuoH6kZWA5rzlHgzKH/rX1wR2xuFzjaf6',NULL,'2019-04-16 07:29:52','2019-04-16 07:29:52',3,1),(9,'Lali Maya Sidali','lalimayasidali@samay.com.np',NULL,'$2y$10$SaQmUDUUBbyV2hMCe52Cp.2UQF6pZcSfgaLQ22mMYhrur2eXWoMeK',NULL,'2019-04-16 07:29:52','2019-04-16 07:29:52',3,1),(10,'Sunita Thokar','sunitathokar@samaya.com.np',NULL,'$2y$10$17nSR9ZoLs34ACnPpltjneTQAV56ku26dkh5cx5wfJgxOymYAbKdy',NULL,'2019-04-16 07:29:52','2019-04-16 07:29:52',3,1),(11,'Mamata Syangtan','mamatasyangtan@samaya.com.np',NULL,'$2y$10$/9vsbjDX4Scku9jKIIkxA.95IHFEUZz7gK.5pLD.FxMe6RY63NCqK',NULL,'2019-04-16 07:29:52','2019-04-16 07:29:52',3,1),(12,'Sirjana Sunuwar','sirjanasunuwar@samaya.com.np',NULL,'$2y$10$wdbXO/oIBj5Gs5FKbqJlmOEq6xj3esh16p6q9dvVsetXQYGgZZXt.',NULL,'2019-04-16 07:29:52','2019-04-16 07:29:52',3,1),(13,'Binita Karki','binitakarki@samaya.com.np',NULL,'$2y$10$GP2cVE.qr0w/HUKxGhAcUOx5u3C9gPWorEBbLV3L9Nr2ISSDF9dka',NULL,'2019-04-16 07:29:53','2019-04-16 07:29:53',3,1),(14,'Sandhya Khatiwada','sandhyakhatiwada@samaya.com.np',NULL,'$2y$10$ABkdFsN/GXCdqyJ3JsOaTu9hXxXjNe5KdeVPWPt9fNMOpFg9cyxb2',NULL,'2019-04-16 07:29:53','2019-04-16 07:29:53',3,1),(15,'Ashma Aachhame Magar','ashmamagar@samaya.com.np',NULL,'$2y$10$ujqL/CBWiegDrCta9m3vfeNrK8NbiBrmXntK..cFY0V7lxRGsC0r.',NULL,'2019-04-16 07:29:53','2019-04-16 07:29:53',3,1),(16,'Amrita Yonjan','sanu_lama021@yahoo.com',NULL,'$2y$10$SjjqZim7JHX1jyWPlbE5eOebZbSBcQyR/dbaU3brVgJwSaCK4Jr/C',NULL,'2019-04-16 07:29:53','2019-04-16 07:29:53',3,1),(17,'Purnimaya Thing','purnimaya@samaya.com.np',NULL,'$2y$10$XPWAo8dyJ0zqSpTXipkHFe2M2hRh.YrMPkuT51tGerHvm1niZrJX6',NULL,'2019-04-16 07:29:53','2019-04-16 07:29:53',3,1),(18,'Sangeeta Bajyoo','bajyoosangita@yahoo.com',NULL,'$2y$10$qv8RAk7xgyJFXV8apHH08efySFJkZAK5hz5HPWM9e2quCRbaqicjK',NULL,'2019-04-16 07:29:54','2019-04-16 07:29:54',3,1),(19,'Kiran Chaudhary','kiranchaudhary@samaya.com.np',NULL,'$2y$10$fbeybQoCq6d1CUOdUN022OpQFMZOeBGnFoONFLjyz92SvoiyQFDjy',NULL,'2019-04-16 07:29:54','2019-04-16 07:29:54',3,1),(20,'Yam Kumari Shrestha','yama.shresth@yahoo.com',NULL,'$2y$10$R4GHyfQxZwAfTULUJKloy.BDVCRJ99eyOk6/jq75/QaMz2iA78Bl2',NULL,'2019-04-16 07:29:54','2019-04-16 07:29:54',3,1),(21,'Nirmala Pakhrin','nirmalapakhrin@samaya.com.np',NULL,'$2y$10$xWKkrWMOrKqb8WlBW9Qf5uvNFxuTdeoIod/qdPq3neFESerFvibKm',NULL,'2019-04-16 07:29:54','2019-04-16 07:29:54',3,1),(22,'Sonam Bajyoo','bajyoosonam@samaya.com.np',NULL,'$2y$10$7yfd7FHG7VvkVJkXQuX5zupyp7rRe276g/r/1V5wndfsSe43Z/nTG',NULL,'2019-04-16 07:29:54','2019-04-16 07:29:54',3,1),(23,'Bikash Joshi','bikashjoshi1@samaya.com.np',NULL,'$2y$10$mPG4OXPyY0oF7POKDP8iHe/trqitQ7rLZl/xACUqI5rQLuSZiNVLm',NULL,'2019-04-16 07:29:54','2019-04-16 07:29:54',3,1),(24,'Birkha Bahadur Waiba','birkhawaiba@samaya.com.np',NULL,'$2y$10$sHXrjUfYVyDWGqhS8C7QYeQ2nITLm0eVKPC0loSJNFWN.HhyhK9XO',NULL,'2019-04-16 07:29:55','2019-04-16 07:29:55',3,1),(25,'Dhan  Bahadur Ghatani','dhanghatani@samaya.com.np',NULL,'$2y$10$lYEVMB5MXQ9kE7tt5M4hUO/9BCqZUGO5J7ArtTYl7F3YQji9HqxGG',NULL,'2019-04-16 08:19:27','2019-04-16 08:19:27',4,1),(26,'Mahesh Lama','maheshlama@samaya.com.np',NULL,'$2y$10$t0MEIfBLkylVrbnpSKItv.dnuPA23LsoSr6uotQilX8puZzaL7f6S',NULL,'2019-04-16 08:19:27','2019-04-16 08:19:27',4,1),(27,'Dipak Shrestha','dipakshrestha@samaya.com.np',NULL,'$2y$10$.yoohPSejg84COJ6ZAeisOC0qXW8CLS9w8d6gXOlqoAlOqTAdQle.',NULL,'2019-04-16 08:19:27','2019-04-16 08:19:27',4,1),(28,'Kiran Sunuwar','kiransunuwar@samaya.com.np',NULL,'$2y$10$/sWldJ1xrEa8fQxW6fTXh.bpUCDv6cNdJ3XEKWNC7v0drjNv3Rmbu',NULL,'2019-04-16 08:19:27','2019-04-16 08:19:27',4,1),(29,'Salam Singh Pakhrin','salamsingh@samaya.com.np',NULL,'$2y$10$oYyNIrCXjpKT2IbItrPQcepkEE7S2naN3fy4gDNxkLfg427PcjVPy',NULL,'2019-04-16 08:19:28','2019-04-16 08:19:28',4,1),(30,'Surya Kumar Syangtan','suryakumar@samaya.com.np',NULL,'$2y$10$4yx/xVM4X6/s6fmSUOLH5e6RvLiPWcAA9D4w9QeAuxBorDkqOj7W.',NULL,'2019-04-16 08:19:28','2019-04-16 08:19:28',4,1),(31,'Lok Bahadur Sarki','lokbahadur@samaya.com.np',NULL,'$2y$10$17RQ9us.CjTAp06z7z3nb.EKQlLO8LmUpDwRZ0iasXup5Axj3629i',NULL,'2019-04-16 08:19:28','2019-04-16 08:19:28',4,1),(32,'Siddi Lamichhane','siddilamichhane@samaya.com.np',NULL,'$2y$10$UqNIQwUMZaSBWe6HJ3jFHOpFMZYXsa1n6a/MpcpwQIDS0kxvcbLj2',NULL,'2019-04-16 08:19:28','2019-04-16 08:19:28',4,1),(33,'Padam Bahadur Shrestha','padambahadur@samaya.com.np',NULL,'$2y$10$LmH0xsakhdVagCUvAaayQedE53l7bc6MUUFb6tTCd/yMdjx6GMtDO',NULL,'2019-04-16 08:19:29','2019-04-16 08:19:29',4,1),(34,'Bhim Bahadur Ghalan','bhimbahadur@samaya.com.np',NULL,'$2y$10$QkynM7NgPUzOLKz9VyLzre5ZA8NZEh4fhNq5xB24aV0BOJwMfCXY6',NULL,'2019-04-16 08:19:29','2019-04-16 08:19:29',4,1),(35,'Pradip Waiba','pradipwaiba@samaya.com.np',NULL,'$2y$10$LXgf69hMBXNEIDyhv3yVHuCdW/joI1dcePPygH/YFajdBLjM3dDbu',NULL,'2019-04-16 08:19:29','2019-04-16 08:19:29',4,1),(36,'Denny Bahadur Gole','denny@samaya.com.np',NULL,'$2y$10$5RAY/AQep/ei2sRiM/6HZeJ6Th.uWTPjsAn97svJQpDGbGqR/NGsO',NULL,'2019-04-16 08:19:29','2019-04-16 08:19:29',4,1),(37,'Lal Singh Waiba','salsingh@samaya.com.np',NULL,'$2y$10$3atyoNcJrAA7F9QSOo4gxuH.5FrHxa9TvicYdTQ2UTCbaVGklTFwW',NULL,'2019-04-16 08:19:29','2019-04-16 08:19:29',4,1),(38,'Surya Man Bholan','suryaman@samaya.com.np',NULL,'$2y$10$lqhIbmZu8Ganks.OJJEIROP8sxi9Qfwr7lOWW4zhHBn5mAHE0u0UK',NULL,'2019-04-16 08:19:30','2019-04-16 08:19:30',4,1),(39,'Nati Babu Bhandari','natibabubhandari@samaya.com.np',NULL,'$2y$10$3Ib3NHAI7NVdfeIJ0yIGhuMfqVfHLkpZ3GjhWdpcwDjgoeaFsZZZe',NULL,'2019-04-16 08:19:30','2019-04-16 08:19:30',4,1),(40,'Hem Bahadur Pakhrin','hembahadur@samaya.com.np',NULL,'$2y$10$rnsO/0/kirKOAcj5.XqYv.bjta.gVescn2KZKic3.K15EE55hDePq',NULL,'2019-04-16 08:19:30','2019-04-16 08:19:30',4,1),(41,'Hari Kumar Gole','harikumar@samaya.com.np',NULL,'$2y$10$oMn2I/VtyI20VYToIs5oIOiwXI22r8.OraDBJfdI0mDNhupY0k8ai',NULL,'2019-04-16 08:19:30','2019-04-16 08:19:30',4,1),(42,'Chiranjibi Lama','chiranjibilama@samaya.com.np',NULL,'$2y$10$h9zanQAkDUcivYVmm11CUeIrFgMX3dBS/CCu//hGrjsBxSRcJ.S32',NULL,'2019-04-16 08:19:31','2019-04-16 08:19:31',4,1),(43,'Samir Chaudhary','samirchaudhary@samaya.com.np',NULL,'$2y$10$J96BOP7KrBr/UC/ZNyvtUu46yL5YLUfQCNfB7WHnwxUx6RF3KyAKq',NULL,'2019-04-16 08:19:31','2019-04-16 08:19:31',4,1),(44,'Niraj Waiba','nirajwaiba@samaya.com.np',NULL,'$2y$10$JzMMabvxy6jd7UB9e569DOaFAMhO4TE6YBuleiJSvTN7hHjVSQkia',NULL,'2019-04-16 08:19:31','2019-04-16 08:19:31',4,1),(45,'Bishal Chaudhary','bishalchaudhary@samaya.com.np',NULL,'$2y$10$bzlzKg8p6PqIGoEx3nuQ4ekVR/bZkDvpDdgwZorZ0tiAn57wl8ypG',NULL,'2019-04-16 08:19:31','2019-04-16 08:19:31',4,1),(46,'Sonam Singh Syangtan','sonamsingh@samaya.com.np',NULL,'$2y$10$ElQngN11A2mL2L0XNHTXD.Rs1vnPiZbhlXiJs0ncX5WEwfJq6RyXm',NULL,'2019-04-16 08:19:31','2019-04-16 08:19:31',4,1),(47,'Dak Bahadur Thapa','dakbahadur@samaya.com.np',NULL,'$2y$10$cpF0EW/qqmkXSAa.o6gA0OvOIVaENH8TcYq1vPFRW1MiqEFy0ni9a',NULL,'2019-04-16 08:19:31','2019-04-16 08:19:31',4,1),(48,'Gagan Bahadur Waiba','gaganbahadur@samaya.com.np',NULL,'$2y$10$AreFlFVP1UnhOpHWWHnsieePN90TGvhn.Gas8y1gbdd463gx0y40K',NULL,'2019-04-16 08:19:32','2019-04-16 08:19:32',4,1),(49,'Sher Bahadur Gole','sherbahadur@samaya.com.np',NULL,'$2y$10$9MEwAxj.vjkpl3hMXu70TeBw6qHP/aPP8abH4X5mV2eVigddoaqvO',NULL,'2019-04-16 08:19:32','2019-04-16 08:19:32',4,1),(50,'Yam Kumari Shrestha','yamkumari@samaya.com.np',NULL,'$2y$10$mqHHeqDhqVAOkV0YAY6F3.jgVGMYHNBZxYsyB1rCLhhlP6lS.tY5e',NULL,'2019-04-16 08:19:32','2019-04-16 08:19:32',4,1),(51,'Niroj Waiba','nirojwaiba',NULL,'$2y$10$blb3jFc7YMeG7rDtatxMzOc8XcuH14GFz8RHuIu9dpvRGLdhZGpg.',NULL,'2019-04-16 08:19:32','2019-04-16 08:19:32',4,1),(52,'Kamal Bahadur Bishwokarma','kamalbahadur@samaya.com.np',NULL,'$2y$10$7cHQMub4yYiJS7BPyp2K4.9/AAQBMLfaa2remk5nsL8s7ue91zjn2',NULL,'2019-04-16 08:19:32','2019-04-16 08:19:32',4,1),(53,'Khadga Bahadur Shrestha','khadgabahadur@samaya.com.np',NULL,'$2y$10$y4tZsfP3CjQwHQaGpzCrTOF9kLOL.4oFPW7AMOiNFkbAICKvt85mO',NULL,'2019-04-16 08:19:33','2019-04-16 08:19:33',4,1),(54,'Ganesh Basnet','ganeshbasnet@samaya.com.np',NULL,'$2y$10$sepX6kCQbnTXLkcJUlE7LuCoQvEbadp5MZd.XXArG0YQjScVIdPda',NULL,'2019-04-16 08:19:33','2019-04-16 08:19:33',4,1),(55,'Bijaya Kumar Bomjan','bijayakumar@samaya.com.np',NULL,'$2y$10$X6L0.ioFdR/mD8.fRj8QhOFZZioW0ncNAAxOkwZwMJ5jFEj73rnEK',NULL,'2019-04-16 08:19:33','2019-04-16 08:19:33',4,1),(56,'Sanjiv Sarki','sanjivsarki@samaya.com.np',NULL,'$2y$10$JpDV8EfnL5nv7HDQXFYmoeooL/G5pMdr5oWmbYXdwc4oc382gvdtu',NULL,'2019-04-16 08:19:33','2019-04-16 08:19:33',4,1),(57,'Bute Tamang','butetamang@samaya.com.np',NULL,'$2y$10$qsxoXtEQJUxDjlff8njYiup7fUY8AHeiy02e.L/WM/79FjLrkRnZu',NULL,'2019-04-16 08:19:33','2019-04-16 08:19:33',4,1),(58,'Krishna Bahadur Thapamagar','krishnabahadur@samaya.com.np',NULL,'$2y$10$RVEYZaCTH1FYwy/HAtlo3uemWrrHt2I4UdhiCcNxetMRrbpqjw2Qa',NULL,'2019-04-16 08:19:34','2019-04-16 08:19:34',4,1),(59,'Balram Thing','balramthing@samay.com.np',NULL,'$2y$10$zlXTQrJrblS7CzVkdMdd6Ox2hoivEsbVBUozTLU6p959PX67dKc6G',NULL,'2019-04-16 08:19:34','2019-04-16 08:19:34',4,1),(60,'Bal Bahadur BK','balbahadur@samaya.com.np',NULL,'$2y$10$TIugY/mySIQFqfjDCBEbTeIt9x90hh9mBVsNxx8ZgLxXOQt0aRCHm',NULL,'2019-04-16 08:19:34','2019-04-16 08:19:34',4,1),(61,'Rishi Kumar Sherpa','rishikumar@samaya.com.np',NULL,'$2y$10$oaO8IhLiSG4SaC1qI1XJSe8fXbu9dkyHrNSWwP08AQ56bMgxqbJNG',NULL,'2019-04-16 08:19:34','2019-04-16 08:19:34',4,1),(62,'Somraj Syangtan','somrajsyangtan@samaya.com.np',NULL,'$2y$10$Z3bP7747aNWi6Bs4ey6tIucLkSCxlucgGLJYcrCPtlVn7ibvHzN6u',NULL,'2019-04-16 08:19:34','2019-04-16 08:19:34',4,1),(63,'Man Bahadur Sarki','manbahadur@samaya.com.np',NULL,'$2y$10$Ew4TIAmH7xwq6TOhANMJsuzleCB6/DExCXG47.IUqkpVTg604h.OC',NULL,'2019-04-16 08:19:35','2019-04-16 08:19:35',4,1),(64,'Shyam Bahadur Shrestha','shyambahadur@samaya.com.np',NULL,'$2y$10$au/RU2q5GAj7KVY7ysBWXeWHOetLad7/rFauwPM7xmFt0aOYmAkZe',NULL,'2019-04-16 08:19:35','2019-04-16 08:19:35',4,1),(65,'Nir Kumar Tamang','nirkumar@samaya.com.np',NULL,'$2y$10$.BbB748cGia3HtP4ohBiDuDCK86aRXvKbZcQ0Z6gVMSWK.0n34ayy',NULL,'2019-04-16 08:19:35','2019-04-16 08:19:35',4,1),(66,'Ashok Kumar Ghalan','ashokkumar@samaya.com.np',NULL,'$2y$10$bHDFcMjfz6svs.Ro2D5OY.OF/QQ/5k3eDA2.5NsEj2oU.aZt0trQ2',NULL,'2019-04-16 08:19:35','2019-04-16 08:19:35',4,1),(67,'Dhan Singh Gole','dhansingh@samaya.com.np',NULL,'$2y$10$UsGXuVBRxtB4dcdUwG.I2O1FCBrh8SBVqL6NmP0ULXmgmRNqgbOM.',NULL,'2019-04-16 08:19:35','2019-04-16 08:19:35',4,1),(68,'Bicharman Bholan','bicharman@samaya.com.np',NULL,'$2y$10$tcojDAVAvI2Jdyp98ZhzvOoruyycLCNFhXjTK76KBAbLmhNSu4ldC',NULL,'2019-04-16 08:19:36','2019-04-16 08:19:36',4,1),(69,'Man Bahadur Waiba','manbahadurwaiba@samaya.com.np',NULL,'$2y$10$w9PAH/ll9nWd7F42fLzr4e9laR1ckBPPUmGM6v9apfdNSIMShS4M2',NULL,'2019-04-16 08:19:36','2019-04-16 08:19:36',4,1),(70,'Mohan Bahadur Hayu','mohanbahadur@samaya.com.np',NULL,'$2y$10$GdDxlyMv6Jpj/Pzbq37aXeEbKf451Nq0Iax0FSzEFb9ACyMDe14ii',NULL,'2019-04-16 08:19:36','2019-04-16 08:19:36',4,1),(71,'Pema Tamang','pematamang@samaya.com.np',NULL,'$2y$10$uh1971MTXp0dJi4L1VT0C.1Zbpn0khou4kcRQJjxnTmyD4CBOwmiq',NULL,'2019-04-16 08:19:36','2019-04-16 08:19:36',4,1),(72,'Min Bahadur Moktan','minbahadur@samaya.com.np',NULL,'$2y$10$xjKLaI4zmN3k/s9PYpFQi.XdmNAVGo4xIrrWjiMeA0huIxmfM2RFS',NULL,'2019-04-16 08:19:36','2019-04-16 08:19:36',4,1),(73,'Sudip BK','sudipbk@samaya.com.np',NULL,'$2y$10$BZOwE.ztjP9oGrgi2Kv22.CgjjZfMjijBKpfhbhHKYMWl08qaXu4u',NULL,'2019-04-16 08:19:37','2019-04-16 08:19:37',4,1),(74,'Dev Raj Tolange','devraj@samaya.com.np',NULL,'$2y$10$PfS25BYV8rbfjUB2j1HZsufjLKnNUB5R/Fg72ukMsi36hNCuRtIKq',NULL,'2019-04-16 08:19:37','2019-04-16 08:19:37',4,1),(75,'Buddha Kumar Pulami','buddhakumar@samaya.com.np',NULL,'$2y$10$J1P531VXznQ/O9ffadbUVueuQlntpviJfka7seglFcTrrUxfpwe.S',NULL,'2019-04-16 08:19:37','2019-04-16 08:19:37',4,1),(76,'Sanjay Gupta','sanjaygupta@samaya.com.np',NULL,'$2y$10$w6qx4IgM3wl9OZLuiPP8/ev/H3DUEzAEeMOjLZBcdn7qmWpy5a2Ja',NULL,'2019-04-16 08:19:37','2019-04-16 08:19:37',4,1),(77,'Sujan Basnet','sujanbasnet@samaya.com.np',NULL,'$2y$10$F7tiqOIoIFbWVrMCwYGaXulHqa8g8NnumuJ7AvlDbgABWu7yhLCUm',NULL,'2019-04-16 08:19:37','2019-04-16 08:19:37',4,1),(78,'Hoisal Lama','hoisallama@samaya.com.np',NULL,'$2y$10$8ApYAil16h0/pwZnDkYtB.s7KHR7QTlshKl6U.5NFJv0XTyGetHP.',NULL,'2019-04-16 08:19:38','2019-04-16 08:19:38',4,1),(79,'Sachin Yonjan','sachinyonjan@samaya.com.np',NULL,'$2y$10$IR1NGHih33oFP1ZKmeCayuvFy3b6dQ/vxpijXLCgZ55mMVywGe7Ea',NULL,'2019-04-16 08:19:38','2019-04-16 08:19:38',4,1),(80,'Ashman Yonjan','ashman@samaya.com.np',NULL,'$2y$10$It8cK4vkIs4xRS2am8pbNO6EOetLg4OQ17AmLujcZb5A7v7j07Zc6',NULL,'2019-04-16 08:19:38','2019-04-16 08:19:38',4,1),(81,'Ram Bahadur Thakuri','rambahadur@samaya.com.np',NULL,'$2y$10$54u//GJAB8HuO8oDTTBxv.f5/xS2A16CnIRHUjvdA91TSS1.7Ovje',NULL,'2019-04-16 08:19:38','2019-04-16 08:19:38',4,1),(82,'Abhisek Bayalkoti','abhisek@samaya.com.np',NULL,'$2y$10$usqi2doKUj/Rw9y2f8CS9./OdhFZimwgy5nf3bNED/1w/a6rXOzXS',NULL,'2019-04-16 08:19:38','2019-04-16 08:19:38',4,1),(83,'Bharat Bahadur Dahal','bharatbahadur@samaya.com.np',NULL,'$2y$10$Mv9yX9ipuSFx/yCCeKrJPe0IVLBppg2uC82RFnCK1qUeDEUNlWd5y',NULL,'2019-04-16 08:19:38','2019-04-16 08:19:38',4,1),(84,'Yuba Yasmali Magar','yubayasmali@samaya.com.np',NULL,'$2y$10$IPHzq8sj.CKH83jFL9KE7ugfGYPzMEvQnCnBqyQi9JbLn8FV8t4S2',NULL,'2019-04-16 08:19:39','2019-04-16 08:19:39',4,1),(85,'Birendra Chaudhary','birendra@samaya.com.np',NULL,'$2y$10$mcBh9GIew.X5yg1UBfnW0eC50IiSwlfYM84hgP7UfBvXhdV7ZtjW2',NULL,'2019-04-16 08:19:39','2019-04-16 08:19:39',4,1),(86,'Bir Bahadur Bajyoo','birbahadur@samaya.com.np',NULL,'$2y$10$6ziDgDvJH5o8XiPUjgln3eJUSrlslsuctdvY1K12MvT8v.iS4dAEa',NULL,'2019-04-16 08:19:39','2019-04-16 08:19:39',4,1),(87,'Gyan Bahadur Chauhan','gyanbahadur@samaya.com.np',NULL,'$2y$10$jef5zI/e850Fd00RQKvwa.DWpY15N95Y070z/JrybE3m5QOOJnT9q',NULL,'2019-04-16 08:19:39','2019-04-16 08:19:39',4,1),(88,'Prem Ghalan','premghalan@samaya.com.np',NULL,'$2y$10$a92MYyXUW0C91.wHT4iF6eta1LFsICO1RgXY50dm3js9pIZxDwmhK',NULL,'2019-04-16 08:19:39','2019-04-16 08:19:39',4,1),(89,'Chandra Bhusal','chandrabhusal@samaya.com.np',NULL,'$2y$10$2u9KBDPKF7yfV/hTHLzENu.PU7xCc8r1nys0RFnehDQ6/KYHfNlvS',NULL,'2019-04-16 08:19:40','2019-04-16 08:19:40',4,1),(90,'Aita Singh Rumba','aitasingh@samaya.com.np',NULL,'$2y$10$Vkd2vzXI1ncJnxfcQ/rtseBwa4EOu0/3uJGiZpNrHDb/cgbmemoW6',NULL,'2019-04-16 08:19:40','2019-04-16 08:19:40',4,1),(91,'Amresh Waiba','amresh@samaya.com.np',NULL,'$2y$10$gb90HC433b/Av37RekxPj.KTMbt.CZbMWirm89S3jMP1gQgk28HL.',NULL,'2019-04-16 08:19:40','2019-04-16 08:19:40',4,1),(92,'Indra Magar','indra@samaya.com.np',NULL,'$2y$10$jPEUvkk3PruNVz0tGuU24O.Hx4L.pY6iNraNqmP76iD4eub8Tk80O',NULL,'2019-04-16 08:19:40','2019-04-16 08:19:40',4,1),(93,'Birkha Bahadur Waiba \'B\'','birbahadurwaiba@samaya.com.np',NULL,'$2y$10$RVSq2OG0MgZ.t10PfMtXFOrDNTSvWd1speKJ3iznPdqMEyo6lan8q',NULL,'2019-04-16 08:19:40','2019-04-16 08:19:40',4,1),(94,'Bal Bahadur Gharti','balbahadurg@samaya.com.np',NULL,'$2y$10$sjGfKgqE4n5e3ycfDib3DeB49krEfI8TJusIUl6pdqQxW2Qeook4u',NULL,'2019-04-16 08:19:41','2019-04-16 08:19:41',4,1),(95,'Dal Bahadur Syangba','dalbahadur@samaya.com.np',NULL,'$2y$10$InCW3xSH59ewIrY/TnBICOsdX01zucty8ovnffyjSdblZ3o/N9U1u',NULL,'2019-04-16 08:19:41','2019-04-16 08:19:41',4,1),(96,'Thagendra Ghalan','thagendra@samaya.com.np',NULL,'$2y$10$18WwXCLtDC2mmpXKPkXyK.3Xm299P2WSmvctdVwHg7v3rHhLlPFou',NULL,'2019-04-16 08:19:41','2019-04-16 08:19:41',4,1),(97,'Pradip Porel','pradipporel@samaya.com.np',NULL,'$2y$10$5mb7daLksm3O8kp9t6zrWuYvxkLv4DWu.M1A98zT7YEmTmvHGuD3m',NULL,'2019-04-16 08:19:41','2019-04-16 08:19:41',4,1),(98,'Prem Thapa','premthapa@samaya.com.np',NULL,'$2y$10$tSkfUsxZumqoy2rzUbKqbufZYP1.a1F/WJzeEOTmq3WpktEhP0IfG',NULL,'2019-04-16 08:19:41','2019-04-16 08:19:41',4,1),(99,'Kishor Yonjan','kishor@samaya.com.np',NULL,'$2y$10$sm6FWh8kZkIKaUIwHKQxwOlGyvLtcFTKVe5HSgCoW6rlSlEyzhPV6',NULL,'2019-04-16 08:19:42','2019-04-16 08:19:42',4,1),(100,'Naresh Kumar Sunuwar','nareshkumar@samaya.com.np',NULL,'$2y$10$/I/5aY8hG446svTTJqTkFO2f2dj8F.vQ4Kx8xR4unSsV6XCC3SEd6',NULL,'2019-04-16 08:19:42','2019-04-16 08:19:42',4,1),(101,'Janardan Saha','janardan@samaya.com.np',NULL,'$2y$10$ZWFR1UMcH91AeWiEDpIxruxQ2vvSe3mDoOBgN0PYm0gCF7Ocmw5gC',NULL,'2019-04-16 08:19:42','2019-04-16 08:19:42',4,1),(102,'Mahendra Shrestha','mahendra@samaya.com.np',NULL,'$2y$10$7LgqmF.hnPl7O7cLgYYWZ.l4Lh2hjNXryVweeFsZzueD8N/Xb3VKO',NULL,'2019-04-16 08:19:42','2019-04-16 08:19:42',4,1),(103,'Anil Santra','anilsantra@samaya.com.np',NULL,'$2y$10$mdwykcNmWkmDdTbKcxgzpeIbI.Sd1f85/JSWxlOuy1FTmvyXNycgy',NULL,'2019-04-16 08:19:42','2019-04-16 08:19:42',4,1),(104,'Raj Kumar Moktan','rajkumarmoktan@samaya.com.np',NULL,'$2y$10$XWDcf3GFGbz8tltI2RV4eecY/KD.5QfW2GX74W209aH0NgbQU/OCq',NULL,'2019-04-16 08:19:43','2019-04-16 08:19:43',4,1),(105,'Lal Kumar Syangtan','salkumar@samaya.com.np',NULL,'$2y$10$OpC12jlUVMyFCGdvRwhtme./MSSmZzMtrYGgmbgw3dvcR89Vz6k3i',NULL,'2019-04-16 08:19:43','2019-04-16 08:19:43',4,1),(106,'Rajman Waiba','rajman@samaya.com.np',NULL,'$2y$10$ZO9ErC79DMAeJ7PzER0bdOSTLVgnmV7Fbt90hoqFy9u3m92Fzq7CC',NULL,'2019-04-16 08:19:43','2019-04-16 08:19:43',4,1),(107,'Sushil Sarki','sushil@samaya.com.np',NULL,'$2y$10$sCVcwsF.vNTlaHDipo.ZAOPhwQ5J964G0dxNz6pEYV.Ed1mgmlLUO',NULL,'2019-04-16 08:19:43','2019-04-16 08:19:43',4,1),(108,'Jhokman Bomjan','jhokman@samaya.com.np',NULL,'$2y$10$ZZjF3YY08KewtTBnXIUb9OWH/Y2fTuvJRKm3jDDx5Sw3EGvh6hDsu',NULL,'2019-04-16 08:19:43','2019-04-16 08:19:43',4,1),(109,'Dhana Bahadur Moktan','dhanabahadur@samaya.com.np',NULL,'$2y$10$IZCfFjQvCWJxhSyGGfLMH.dApKoYIeQYMRtiMk22ezuic7MKu6J46',NULL,'2019-04-16 08:19:44','2019-04-16 08:19:44',4,1),(110,'Muralidhar Sarki','muralidhar@samaya.com.np',NULL,'$2y$10$MhhGU1eqOneONGovLptVFO7ph169.vHb/MgovgGfiED2n5ibmvrIG',NULL,'2019-04-16 08:19:44','2019-04-16 08:19:44',4,1),(111,'Hira BK','hirabk@samaya.com.np',NULL,'$2y$10$MT9vGdBrPiEmpeqC0VgqUeQxWxTCLKCktaE7Y1DYqU209ZvEqHAgy',NULL,'2019-04-16 08:19:44','2019-04-16 08:19:44',4,1),(112,'Durga Bishwokarma','durgabk@samaya.com.np',NULL,'$2y$10$ElrkgfnmczI8XuvtKtTPKONYRVqX4X4nGLuMCjWMslEpy3vE3XtvC',NULL,'2019-04-16 08:19:44','2019-04-16 08:19:44',4,1),(113,'Surya Bahadur Thami','suryabahadur@samaya.com.np',NULL,'$2y$10$gtnQiBAm1WJAN5HOTbrjku2vBxPBLkF2pocE55bsutKEZ.TcopOTO',NULL,'2019-04-16 08:19:44','2019-04-16 08:19:44',4,1),(114,'Sujan Basnet \'B\'','sujanbasnetb@samaya.com.np',NULL,'$2y$10$hhK7T3mCDxScqIlff/x6I.sdlgtH1Rdh3amS/n82nW4KsF7KdHjKC',NULL,'2019-04-16 08:19:45','2019-04-16 08:19:45',4,1),(115,'Chaturman Ghalan','chaturman@samaya.com.np',NULL,'$2y$10$d4tJql1XLH.K/K.WI9w1YuvDsDHGH65uDGoazwsV0lLJHGWBhaqKq',NULL,'2019-04-16 08:19:45','2019-04-16 08:19:45',4,1),(116,'Krishna Bahadur Dong','krishnadong@samaya.com.np',NULL,'$2y$10$rOsOgW1YzomJUnvm.tD4/uuacipzrhXGhRwjKsqrMDHiV1jWh0U8G',NULL,'2019-04-16 08:19:45','2019-04-16 08:19:45',4,1),(117,'Mem Bahadur Thing','membahadur@samaya.com.np',NULL,'$2y$10$vM1IYIO9WBucTx.au2BCDeDc9jx0sxiHfVmUi7V.PjPYHfG.UH3Qm',NULL,'2019-04-16 08:19:45','2019-04-16 08:19:45',4,1),(118,'Ras Barayan Gupta','rasbarayan@samaya.com.np',NULL,'$2y$10$8yzbPjQD9X6UUxkCQYeD5u.6SgEWXC6YMHj8pnY3rPbAR4PUbhXY.',NULL,'2019-04-16 08:19:45','2019-04-16 08:19:45',4,1),(119,'Madan Bahadur Yonjan','madan@samaya.com.np',NULL,'$2y$10$wz64ahRhh7fyV1o5Cr2t4.lIBQzaQXntQkIXw0m0u/kPM2Va2xPiC',NULL,'2019-04-16 08:19:45','2019-04-16 08:19:45',4,1),(120,'Bishwanath Sharma','bishwanath@samaya.cm,np',NULL,'$2y$10$PawzV6yOoDiFvID3rg7fq.X09/nGYKFH8y.Vv8L44dNYl65gwWHNi',NULL,'2019-04-16 08:19:46','2019-04-16 08:19:46',4,1),(121,'Ashok Waiba','ashokwaiba@samaya.com.np',NULL,'$2y$10$5ep5pFw.uplpbTRjCcAZdu8gPXgdZWmyWTdgCV1/31Eozz.T7A0uO',NULL,'2019-04-16 08:19:46','2019-04-16 08:19:46',4,1),(122,'Radhe Thakur Lohar','radhe@samaya.com.np',NULL,'$2y$10$rGR93lPZ3lyTuYBc673GgeNo50fCja/3og73/Y6GEGJShif3Hft3y',NULL,'2019-04-16 08:19:46','2019-04-16 08:19:46',4,1),(123,'Ashok Yogi','ashokyogi@samaya.com.np',NULL,'$2y$10$46/m4oAriCaxl992BHm.EuN51kpp7b4JcRE7Ml3AqVkpeljJ4E.5C',NULL,'2019-04-16 08:19:46','2019-04-16 08:19:46',4,1),(124,'Prem Bahadur Bhujel','prembahadur@samaya.com.np',NULL,'$2y$10$0E.4HCMQ4IIGZEqYdkMIx.p411t9yzJrl5duzPfqqbsXlESxGoAr.',NULL,'2019-04-16 08:19:47','2019-04-16 08:19:47',4,1),(125,'Ram Prasad Ghimire','ramprasad@samaya.com.np',NULL,'$2y$10$GgcnPB7Tftsc6r0qTeG06.lNka0eNHcPZXaHloG6q9gUx5XTd9umu',NULL,'2019-04-16 08:19:47','2019-04-16 08:19:47',4,1),(126,'Sanman BK','sanman@samaya.com.np',NULL,'$2y$10$O8ThjMOu3Cw0qCxEGMA8WewH2.bzJEPduUYYuGI/kFsSctz7O9YiC',NULL,'2019-04-16 08:19:47','2019-04-16 08:19:47',4,1),(127,'Som Bahadur Lama','sombahadur@samaya.com.np',NULL,'$2y$10$hx8gEVk8tyueFLf4hxiRQeT3Jgbb7AYafHrmF2FKmBhzt0.7AmqYS',NULL,'2019-04-16 08:19:47','2019-04-16 08:19:47',4,1),(128,'Bhagrit Baitha','bhagrit@samaya.com.np',NULL,'$2y$10$Vf13a//qeH3isJSz1Y21wOmoysZ0Q0nxpyr6wmxWTRXtsacPBfhkm',NULL,'2019-04-16 08:19:47','2019-04-16 08:19:47',4,1),(129,'Sabina Bomjan','sabina@samaya.com.np',NULL,'$2y$10$2QKz6/OPELNmlql28aXyrOdEMthheKekGvRd/zOfyeKWSK./x5doS',NULL,'2019-04-16 08:19:47','2019-04-16 08:19:47',4,1),(130,'Bijay Lama','bijaylama@samaya.com.np',NULL,'$2y$10$GYRGYOkjUunChhUH8mLSEuMXo7CgKW2uJttO71fCGFsP6SjfG50xK',NULL,'2019-04-16 08:19:48','2019-04-16 08:19:48',4,1),(131,'Pabindra Bomjan','pabindra@samaya.com.np',NULL,'$2y$10$eSaqPYWqZlZ42zUXiF11VOcnvvihLJQrDeBn2ROhxaUueZ75Iy8j2',NULL,'2019-04-16 08:19:48','2019-04-16 08:19:48',4,1),(132,'Mukesh Prasad Jaiswal','mukesh@samaya.com.np',NULL,'$2y$10$NaDF2z62hPuEa7K6bokIAeRS6GboLf6ZYI2/bPW.cvmfftqPARBua',NULL,'2019-04-16 08:19:48','2019-04-16 08:19:48',4,1),(133,'Gokul BK','gokulbk@samaya.com.np',NULL,'$2y$10$9bGeoqbnT7AYrN/69/p79.L7aBTDr7bAkt2SmXMoMqkIT9f8nGuYu',NULL,'2019-04-16 08:19:48','2019-04-16 08:19:48',4,1),(134,'Dhurba BK','dhurba@samaya.com.np',NULL,'$2y$10$6IZVn46lc4YGI1939GDblusefb17TYnCh.LL0ORWmZ6ri7O2.bw5e',NULL,'2019-04-16 08:19:48','2019-04-16 08:19:48',4,1),(135,'Ganga Bahadur Dimdong','gangadimdong@samaya.com.np',NULL,'$2y$10$IaSYz8HdnMzgg8L4ZEa9yeH.0iPJFc8h0HMVxZiGqEk6S.N1wdy7W',NULL,'2019-04-16 08:19:49','2019-04-16 08:19:49',4,1),(136,'Nabraj Yogi','nabraj@samaya.com.np',NULL,'$2y$10$SZNLoanaWrFhFOiKTVzyF.ybaIxaTWQ29yn2CvS27S6c7AC0THlFq',NULL,'2019-04-16 08:19:49','2019-04-16 08:19:49',4,1),(137,'Indra Bahadur Bomjan','indrabomjan@samaya.com.np',NULL,'$2y$10$cu6d5c.8wU5GtN5qlQjySO8sYWEu/MjGebard4xc.UtZwesdAj9.u',NULL,'2019-04-16 08:19:49','2019-04-16 08:19:49',4,1),(138,'Bhim Bahadur Shrestha','bhimshrestha@samaya.com.np',NULL,'$2y$10$Vbu0h14Y8rH2lqNlEdTEle34783IqkwxrE60dKsRKJRzL7NLAouBC',NULL,'2019-04-16 08:19:49','2019-04-16 08:19:49',4,1),(139,'Hira Kaji Shrestha','hirakaji@samaya.com.np',NULL,'$2y$10$/pvVNeS0AX.brIE2T6BN1.cuPau3Xfr6qBjinYp3cu3VW7EWGz4wm',NULL,'2019-04-16 08:19:49','2019-04-16 08:19:49',4,1),(140,'Ram Kumar Majhi','ramkumar@samaya.com',NULL,'$2y$10$kIQFJFY387W.ohFifTczruE3.US6Z8MiVmjUzv61.rVeMTWVeH8Nm',NULL,'2019-04-16 08:19:50','2019-04-16 08:19:50',4,1),(141,'Bijay Saha','bijayasaha@samaya.com.np',NULL,'$2y$10$YqMWCEdrWkp20beRG4Izv.cR/1epkJ0yg.u2doIlemnsn8uIZWZb.',NULL,'2019-04-16 08:19:50','2019-04-16 08:19:50',4,1),(142,'Surendra Pakhrin','surendra@samaya.com.np',NULL,'$2y$10$A.lMP7j84OKhKvjau0NuFeVvqF.PYqNR6B2MbvpYEOHUuQbQ5Uzua',NULL,'2019-04-16 08:19:50','2019-04-16 08:19:50',4,1),(143,'Makkar Bahadur Damai','makkar@samaya.com.np',NULL,'$2y$10$DI6xJG6PIudU/C6Ll.fFjeWxqzFIYXD0UD1faRumUmeK1iiLugKPm',NULL,'2019-04-16 08:19:50','2019-04-16 08:19:50',4,1),(144,'Tika Ram Gole','tikaram@samaya.com.np',NULL,'$2y$10$M2pXVZEz0onDsBOOCwIelewqBhrq/iEUF4JIOzWadfrFpPd69nA0i',NULL,'2019-04-16 08:19:50','2019-04-16 08:19:50',4,1),(145,'Shankar Tamang','shankar@samaya.com.np',NULL,'$2y$10$6CovkSL7L43lzjSLl7ztSeNgSK8BTye0VvDEJXNXo8Ci0HoLSr/vG',NULL,'2019-04-16 08:19:51','2019-04-16 08:19:51',4,1),(146,'Gauri Saha','gauri@samaya.com.np',NULL,'$2y$10$KUySOoOBGQwbTa2p6zOHwOdBsm9OS8gEuu78JYsB/80aXhmMCpGxO',NULL,'2019-04-16 08:19:51','2019-04-16 08:19:51',4,1),(147,'Sobit Man Bomjan','sobitman@samaya.com.np',NULL,'$2y$10$/o.EcnODwc6qnXFQjAoHl.7W3aG3sOvPklKhsy5aCFH0oeKHMTkDm',NULL,'2019-04-16 08:19:51','2019-04-16 08:19:51',4,1),(148,'Lok Bahadur Karki','lokkarki@samaya.com.np',NULL,'$2y$10$u.VQpv5fFau9pbMg8b65R.vjjptC82o3enVADBjhEaAAru4Ri1b/e',NULL,'2019-04-16 08:19:51','2019-04-16 08:19:51',4,1),(149,'Sitaram Thing','sitaram@samaya.com.np',NULL,'$2y$10$lYN79caLdhiPmwDyVwizheiq8.HQOxtVqAmuXMGyokYDGUWKrq1KW',NULL,'2019-04-16 08:19:51','2019-04-16 08:19:51',4,1),(150,'Krishna Devkota','krishnadevkota@samaya.com.np',NULL,'$2y$10$hBu6MziuqhQ5neOSHAX8wegT34Q4gBGAksF3S58MYpjcpvBPl5Kb2',NULL,'2019-04-16 08:19:52','2019-04-16 08:19:52',4,1),(151,'Dip Sharan Budhatholi','dipsharan@samaya.com.np',NULL,'$2y$10$jR4CZO7RaHLSb2u0xcJmwedKbWCrvtCLYWu2je/EOIpezwb2.A1cu',NULL,'2019-04-16 08:19:52','2019-04-16 08:19:52',4,1),(152,'Udaya Shankar Kumar','udaya@samaya.com.np',NULL,'$2y$10$78oTorsVb27PAVZWSIqmXe/UPJkLzxL7vhjmQecyn4YAc4RGJyOVC',NULL,'2019-04-16 08:19:52','2019-04-16 08:19:52',4,1),(153,'Raju Jaiswal','rajujaiswal@samaya.com.np',NULL,'$2y$10$Q5OrzlEp0kiJS4qTH0p9EO08CnBeuFFA9gZi.XPY9XAjIzq19mAXW',NULL,'2019-04-16 08:19:52','2019-04-16 08:19:52',4,1),(154,'Purna Bahadur Syangtan','purna@samaya.com.np',NULL,'$2y$10$S2AaHO99LbtO2x2y37WVS.mG0fv4PBQR5txFf1bq./2pd4COLcPFy',NULL,'2019-04-16 08:19:52','2019-04-16 08:19:52',4,1),(155,'Sushil Saha','sushilsaha@samaya.com.np',NULL,'$2y$10$IEUVK9d8bShVcTyEyUOMVuGw4FNIt7a0P.ysO7OjXPJbiZIR63fjy',NULL,'2019-04-16 08:19:52','2019-04-16 08:19:52',4,1),(156,'Sukra Man Lama','sukraman@samaya.com.np',NULL,'$2y$10$CbBqFVaEnAr31CHJWVhcuOD05ZP2Tbcfp/omvPMxXYgpzwcyjm1RS',NULL,'2019-04-16 08:19:53','2019-04-16 08:19:53',4,1),(157,'DB Bomjan','dbbomjan@samaya.com.np',NULL,'$2y$10$G7ZrlmUh9mUTDcimqSMUf.lGuWekRG9lx4DDJl7lI/L/Y2LyOyjum',NULL,'2019-04-16 08:19:53','2019-04-16 08:19:53',4,1),(158,'Indra Magar \'B\'','indramagar@samaya.com.np',NULL,'$2y$10$VWm6ROQym7yFkoczfVvv.uOJd55mTS.g6zeX1353ilhcVeYO5zCCy',NULL,'2019-04-16 08:19:53','2019-04-16 08:19:53',4,1),(159,'Bam Sunuwar','bamsunuwar@samaya.com.np',NULL,'$2y$10$7cWSHeU93e/A9J6oxnkFn.fTPTAVSet0wy547HpfDLR3aK73wT6bW',NULL,'2019-04-16 08:19:53','2019-04-16 08:19:53',4,1),(160,'Tirtha Bahadur Ale','tirtha@samaya.com.np',NULL,'$2y$10$uVpVxJlHus4BQaW4tCH7gOfLF2nyJ8XsD7GDqO9kq3tZmepMQIMGG',NULL,'2019-04-16 08:19:54','2019-04-16 08:19:54',4,1),(161,'Chiranjibi Bhandari','chiranjibibhandari@samaya.com.np',NULL,'$2y$10$uiqoq3RFCkua6ty0LhXr2OkFvgU15i02rDU.el6965rPrO8e8jrc2',NULL,'2019-04-16 08:19:54','2019-04-16 08:19:54',4,1),(162,'Umesh Tamang','umesh@samaya.com.np',NULL,'$2y$10$8O39Dqg.PBir72PeAiXghelQYXYAoV.8JGKRDJlWtvhjLiXK2Ti9i',NULL,'2019-04-16 08:19:54','2019-04-16 08:19:54',4,1),(163,'Ganesh Bahadur Bhujel','ganeshbahadur@samaya.com.np',NULL,'$2y$10$9AqtsCWXEN16j38tREAlh.MLRyC8GFYYcCGsQpMUnMtpJpnglPUv6',NULL,'2019-04-16 08:19:54','2019-04-16 08:19:54',4,1),(164,'Lal Bahadur Syangba','lalbahadur@samaya.com.np',NULL,'$2y$10$vhCnYgfLLchmOLSYo9tG7.uzk3vmin6UIwgQmbqyMSmippGDOiSim',NULL,'2019-04-16 08:19:54','2019-04-16 08:19:54',4,1),(165,'Ram Bahadur Chaudhari','ramchaudhary@samaya.com.np',NULL,'$2y$10$FHVb/cRAE6UPlR3FQBshm.M2mEiVwUgd3eYrUlx/9zHU55gUyiJrG',NULL,'2019-04-16 08:19:54','2019-04-16 08:19:54',4,1),(166,'Nabin Shrestha','nabin@samaya.com.np',NULL,'$2y$10$I3vSXeMGG/yEBVpQI.nDweGLKZ0fj9WI0hxz8kPIr7vU6yXKsmu1a',NULL,'2019-04-16 08:19:55','2019-04-16 08:19:55',4,1),(167,'Nangsal Devi Bholan','nangsal@samaya.com.np',NULL,'$2y$10$tvWNidvwEcBdm.gLg9xe/.HDF1n.pvY7UIU0bxelwj8g6vszVtJGa',NULL,'2019-04-16 08:19:55','2019-04-16 08:19:55',4,1),(168,'Nirmal Kumar Ramtel','nirmal@samaya.com.np',NULL,'$2y$10$vtpKnDC7Q8LrcVFqHqPkXesJKvKIFK4aLhdV/urK/X2dpz/dJXyLy',NULL,'2019-04-16 08:19:55','2019-04-16 08:19:55',4,1),(169,'Rupesh Kumar Yadav','rupeshkumar@samaya.com.np',NULL,'$2y$10$inOtcqUUGcZUhJAU9Qs1buP6wU9RPsbxi7DlpR1GBjKpjzMcsvPk.',NULL,'2019-04-16 08:19:55','2019-04-16 08:19:55',4,1),(170,'Tirtha Bahadur Pakhrin','tirthabahadur@samaya.com.np',NULL,'$2y$10$r.Xb782Lm.I8bD1lazV6Uu007KrbazC9eJAT93E3yIT5dPjz3Dglu',NULL,'2019-04-16 08:19:55','2019-04-16 08:19:55',4,1),(171,'Jaiman Bomjan','jaiman@samaya.com.np',NULL,'$2y$10$sykmLirtFO078dzAjxmXrO2tnzcjsP63reNfppt8bhwFUa6UiTq1y',NULL,'2019-04-16 08:19:56','2019-04-16 08:19:56',4,1),(172,'Jiwan Singh Dong','jiwansingh@samaya.com.np',NULL,'$2y$10$8XOCRH4ILeFaqh0bC35CB.PhZTEXdrGaUvPV6C8E6WyppF2Wqp2K6',NULL,'2019-04-16 08:19:56','2019-04-16 08:19:56',4,1),(173,'Suwas Waiba','suwas@samaya.com.np',NULL,'$2y$10$aaaDzahVXPyXK5noBHh9BuW2m/q5OHC8hIxN9wYFpiihUBNi6.HWe',NULL,'2019-04-16 08:19:56','2019-04-16 08:19:56',4,1),(174,'Binod Raj Thapa','binod@samaya.com.np',NULL,'$2y$10$bmZK47mW0B7wJ9h29G5/cuuwo2xXIFbxyMrhoeuDdUUMk76udGZ66',NULL,'2019-04-16 08:19:56','2019-04-16 08:19:56',4,1),(175,'Sandeep Upadhya','sandeep@samaya.com.np',NULL,'$2y$10$iRPgIyEtvuGFoDBo3fwPc.FNMLoUrXkvpz1JayZa2xnibTs1qTZKy',NULL,'2019-04-16 08:19:56','2019-04-16 08:19:56',4,1),(176,'Santosh Achhame','santosh@samaya.com.np',NULL,'$2y$10$HHKSYgk4SdEQFT4ah9Nsl.WB54DvF8rWCZlH16aH7IS0Ubg6yYs1a',NULL,'2019-04-16 08:19:56','2019-04-16 08:19:56',4,1),(177,'Krishna Thing','krishnathing@samaya.com.np',NULL,'$2y$10$G.3vBQWhG92O2o7dPkGOBuQE/MyUAuGHQS26ec0Ik244oXs1k5m4W',NULL,'2019-04-16 08:19:57','2019-04-16 08:19:57',4,1),(178,'Indra Kumar Sherpa','indrakumar@samaya.com.np',NULL,'$2y$10$5teNCVK6y4HIvqK4WTlpx.dfOxEdQc3sOX4Lb/lzwYm23EFin5mne',NULL,'2019-04-16 08:19:57','2019-04-16 08:19:57',4,1),(179,'Tara Devkota','taradevkota@samaya.com.np',NULL,'$2y$10$6Tx2oTIVg4eGOGfhUJNoiO0NHG.HH5vDaIEL4hpTFVe6FOl.6oRzO',NULL,'2019-04-16 08:19:57','2019-04-16 08:19:57',4,1),(180,'Bishnu Bomjan','bishnu@samaya.com.np',NULL,'$2y$10$ZoY35NCUydsbGR7.JCxjCupHKc3oF8fZLLn2B7ppPcwvbDYV0OFW.',NULL,'2019-04-16 08:19:57','2019-04-16 08:19:57',4,1),(181,'Arun  Raut','arun@samaya.com.np',NULL,'$2y$10$MzMrbi.NnEGXOI345esRDenrQ9l3Ly9EbJ5RYrZGsMEIt8CyzKXau',NULL,'2019-04-16 08:19:57','2019-04-16 08:19:57',4,1),(182,'Anil Hayu ','anilhayu@samaya.com.np',NULL,'$2y$10$fBuV4bryR0eeFWX0C/OdIurUlfFPce4OBzneLMVNtT9/t0bSvsJVO',NULL,'2019-04-16 08:19:58','2019-04-16 08:19:58',4,1),(183,'Shyam Kumar Ghalan','shyamghalan@samaya.com.np',NULL,'$2y$10$UclJk7li49wJ2heM3h5ApOsA.QloxFDcGBVZLWrZL0QCCfRXSWbAS',NULL,'2019-04-16 08:19:58','2019-04-16 08:19:58',4,1),(184,'Ambar Bahadur Waiba','ambar@samaya.com.np',NULL,'$2y$10$40Fz3ISSMXkdh.cgxbOHUuwuP/N2K1q2NEmthvpXIMfda4wETSccq',NULL,'2019-04-16 08:19:58','2019-04-16 08:19:58',4,1),(185,'Chhatra Bahadur Shrestha','chhatra@samaya.com.np',NULL,'$2y$10$awpds30XArIVGDCzoWWMm.b6/l8dRX0pN99Mh.SlgXHJxlVHrubH2',NULL,'2019-04-16 08:19:58','2019-04-16 08:19:58',4,1),(186,'Mahesh Thakur','maheshthakur',NULL,'$2y$10$HO58K8taVDTxTBKFSviHReZvAkWXh73RCVmVxU.Lzh2Th4yMcWg8i',NULL,'2019-04-16 08:19:58','2019-04-16 08:19:58',4,1),(187,'Ram Bahadur Ghising','ramghising@samaya.com.np',NULL,'$2y$10$YC0vsNWtSu7a8Zwth4LLk.BaLJYhWggCJIzbAhEgkx242V.h8BCRm',NULL,'2019-04-16 08:19:59','2019-04-16 08:19:59',4,1),(188,'Bikash Majhi','bikash@samaya.com.np',NULL,'$2y$10$C0R1NXiZXQKhkunXDmA7seAGMrzbR3wyfkVeWjkWqekXfRIK4m/kO',NULL,'2019-04-16 08:19:59','2019-04-16 08:19:59',4,1),(189,'Harinandan Baitha','harinandan@samaya.com.np',NULL,'$2y$10$2bK4Msbgh8MVMU6oAIXq5eCiWJsxaF7FA3KRJ/nzP6AuVlmgFevva',NULL,'2019-04-16 08:19:59','2019-04-16 08:19:59',4,1),(190,'Dil Bahadur Pakhrin','dilbahadur@samaya.com.np',NULL,'$2y$10$RFjhlq/HfmhyIwvjNYN.7ezyotgLrVABRxQB50cV3w5iiDbJ17bPy',NULL,'2019-04-16 08:19:59','2019-04-16 08:19:59',4,1),(191,'Krishna Samal','krishnasamal@samaya.com.np',NULL,'$2y$10$wT3EThNBktTifOt2ZyiUT.hREhVqeZb8413NA7bQdU1OWHJDIwsuW',NULL,'2019-04-16 08:20:00','2019-04-16 08:20:00',4,1),(192,'Hem Kaji Shrestha','hemkaji@samaya.com.np',NULL,'$2y$10$5Zt1.0QEx3aQCoQ1CRHXNOK0aPXm7ZkEON3uhpE0zzRm3a3cqoXoG',NULL,'2019-04-16 08:20:00','2019-04-16 08:20:00',4,1),(193,'Bikram Tamang','bikramtamang@samaya.com.np',NULL,'$2y$10$54UigqSHYI2euElbCmsynuKxtvSlo.PQ3lILrBemwF/YF4lwuegsS',NULL,'2019-04-16 08:20:00','2019-04-16 08:20:00',4,1),(194,'Sanak Bahadur Bomjan','sanak@samaya.com.np',NULL,'$2y$10$RalL2/5bAXBxwV3l82rGleYWfLURBdVfIMGn6f8no2QYrjQwvsvPa',NULL,'2019-04-16 08:20:00','2019-04-16 08:20:00',4,1),(195,'Santosh Khadka','santoshkhadka@samaya.com.np',NULL,'$2y$10$QXTandyW7craGsrxGbkcR.BIWdZRe2YusOQ5EzbQRgSpN0HqWQFTW',NULL,'2019-04-16 08:20:00','2019-04-16 08:20:00',4,1),(196,'Keshav Gogi','keshav@samaya.com.np',NULL,'$2y$10$.s2JMsFCYMdYZEtPuEgVheJdTymdP9Zn3sfsMwKMWcmsR.g88qpEa',NULL,'2019-04-16 08:20:01','2019-04-16 08:20:01',4,1),(197,'Chhatra Bahadur Syangtan','chhatrasyangtan@samaya.com.np',NULL,'$2y$10$ocSq4t/r2FoO3nLriQB8hehyTusenWx7zlNCntKAx/Q7c8vQdAafG',NULL,'2019-04-16 08:20:01','2019-04-16 08:20:01',4,1),(198,'Birendra Saha','birendrasaha@samaya.com.np',NULL,'$2y$10$0GQdGF/XnD2N0Sg.BDr3D.d0GZXgXNgy2bV8Wg/mD2BcO/CYBgKtG',NULL,'2019-04-16 08:20:01','2019-04-16 08:20:01',4,1),(199,'Jagat Bahadur Waiba','jagat@samaya.com.np',NULL,'$2y$10$K/8RFU1NCt39AG.vp4loxOqb3p1PWU5RfK0HehZvguK5keQFILlb6',NULL,'2019-04-16 08:20:01','2019-04-16 08:20:01',4,1),(200,'Krishna Bahadur BK','krishnabk@samaya.com.np',NULL,'$2y$10$qMqN5QGjLaE/mF1MOdv/Sed4qsatg1KLV.uiaLvsAtGjTExZLWvAC',NULL,'2019-04-16 08:20:02','2019-04-16 08:20:02',4,1),(201,'Santosh Bhusal','santoshbhusal@samaya.com',NULL,'$2y$10$5z3Ll.bUmQtdxh7bbepNh.i4gPjlD1xV1gG3gVBjmbRU43a.yUSPW',NULL,'2019-04-16 08:20:02','2019-04-16 08:20:02',4,1),(202,'Raj Kumar Majhi','rajkumarmajhi@samaya.com.np',NULL,'$2y$10$bv/SsjViWrQUU2XyZL6rdOP25LCz7vnKdTYkEonBH6Qt6dSqkLwky',NULL,'2019-04-16 08:20:02','2019-04-16 08:20:02',4,1),(203,'Mangal Bahadur Waiba','mangal@samaya.com.np',NULL,'$2y$10$uFo0eFWM15j6Bn.fcvneyuUHuM5ZS/m2xiuUSrZ3KV7SAguQ7wBtu',NULL,'2019-04-16 08:20:02','2019-04-16 08:20:02',4,1),(204,'Man Bahadur Majhi','manmajhi@samaya.com.np',NULL,'$2y$10$gKuC8ZmN/1xGeYjo/HwMC.qAt0gwMEUK75G8ut8OHiEnXB.554Vra',NULL,'2019-04-16 08:20:02','2019-04-16 08:20:02',4,1),(205,'Ram Kumar Rumba','ramkumarrumba@samaya.com.np',NULL,'$2y$10$n0VDXrFzChF0wF.nvZfhEuLRas27p9sazYyGsH3.47xucQieYeUE2',NULL,'2019-04-16 08:20:03','2019-04-16 08:20:03',4,1),(206,'Amar Dip Nepali','amardip@samaya.com.np',NULL,'$2y$10$AZ22ddsxCFx73cfEBRciBeIK2ZMte8L4WZs45GrMNPMgqnnH9Tb72',NULL,'2019-04-16 08:20:03','2019-04-16 08:20:03',4,1),(207,'Kajiman Bajyoo','kajiman@samaya.com.np',NULL,'$2y$10$ZjnfTDdbQIfrrWk0FUaAkejJr.7jbi66mt6KEn54JQFHHZZuMItXm',NULL,'2019-04-16 08:20:03','2019-04-16 08:20:03',4,1),(208,'Nar Bahadur Shrestha','narabahadur@samaya.com.np',NULL,'$2y$10$tUjeSwuK0IJJaaaL6GuicO6Z4hnVEqqul/RE9bDWQj/gQVmdCNAjm',NULL,'2019-04-16 08:20:03','2019-04-16 08:20:03',4,1),(209,'Sukra Bahadur Waiba','sukrabahadur@samaya.com.np',NULL,'$2y$10$a789RkghaU.HvGs5PTd8GOs6Xel02iox/lRy4Sxa6f8ASTySsw6CS',NULL,'2019-04-16 08:20:03','2019-04-16 08:20:03',4,1),(210,'Chandra Bahadur Bomjan','chandrabomjan@samaya.com.np',NULL,'$2y$10$0Vawx7qn/IdlxkG8r0hZWutC0x8NpY.kp1mWmaCr0u05LsTyW1WWq',NULL,'2019-04-16 08:20:04','2019-04-16 08:20:04',4,1),(211,'Bikram Magar','bikrammagar@samaya.com.np',NULL,'$2y$10$pMAHBOhFu132b1o4Fz2PheIkkT3EQruurVIiE09ObxmASgFwcpQDy',NULL,'2019-04-16 08:20:04','2019-04-16 08:20:04',4,1),(212,'Uma Shankar Chaudhari','umashankar@samaya.com.np',NULL,'$2y$10$DfjdObZ747THP2DDmFb42.oPULdYKa4FL.Tkh7vm9sEnxAIiCwp1e',NULL,'2019-04-16 08:20:04','2019-04-16 08:20:04',4,1),(213,'Buddi Man Shrestha','buddiman@samaya.com.np',NULL,'$2y$10$N9t.SwF3X2zS8CV86Rjl1ecRJVWWjTxKN4vDeMM4RbZwEayGXAXC2',NULL,'2019-04-16 08:20:04','2019-04-16 08:20:04',4,1),(214,'Sarmila Thakur','sarmila@samaya.com.np',NULL,'$2y$10$Gy.saI1JkKGKZpH4Bi/YUe6pYobqQ2JLb0vKsoNb.Te4UnMgqGIVq',NULL,'2019-04-16 08:20:04','2019-04-16 08:20:04',4,1),(215,'Gangaraj Bomjan','gangaraj@samaya.com.np',NULL,'$2y$10$zLgBNM4aoXdwhLHpB1z6DeSw8uThaj9ExxyJeigPh6onyO6HIRpLa',NULL,'2019-04-16 08:20:05','2019-04-16 08:20:05',4,1),(216,'Ras Narayan Gupta','rasnarayan@samaya.com.np',NULL,'$2y$10$xS.apIsyIfBPBwSWZ4IUR.DkTywHUEM88wz.Ur/XsFLxx19WJxBYK',NULL,'2019-04-16 08:20:05','2019-04-16 08:20:05',4,1),(217,'Jhamak Thapa','jhamak@samaya.com.np',NULL,'$2y$10$0Jd0cDRQp7rT4Yoyt6CDJO7V4qweOgMxeXYklsmT4mjMH0IRadp6a',NULL,'2019-04-16 08:20:05','2019-04-16 08:20:05',4,1),(218,'Saroj Shrestha','saroj@samaya.com.np',NULL,'$2y$10$5LEo248RX1KOyQjt6b8BiOpXJ4qhJu8.ylh2pzwp2wOHxjyQbhQrO',NULL,'2019-04-16 08:20:05','2019-04-16 08:20:05',4,1),(219,'Lal Singh Bomjan','lalsingh@samaya.com.np',NULL,'$2y$10$dPrUEKAEDX44s1U9uIzJtuQFxuqv0tV1KIprIdzAQaoybNHzZxdaS',NULL,'2019-04-16 08:20:05','2019-04-16 08:20:05',4,1),(220,'Sujan Bholan','sujanbholan@samaya.com.np',NULL,'$2y$10$JPytAxUdYjlCDaKiF6f2P.ZbWHTdWr6jLEUfAyNcEDJRe5DSdYTbe',NULL,'2019-04-16 08:20:06','2019-04-16 08:20:06',4,1),(221,'Bahadur Gole','bahadur@samaya.com.np',NULL,'$2y$10$n7Mr1BLBgmgDBldVKJmF.eWcw4h7LfH4wT4.lBuJn.q7tv4rpcblC',NULL,'2019-04-16 08:20:06','2019-04-16 08:20:06',4,1),(222,'Dev Narayan Shrestha','devnarayan@samaya.com.np',NULL,'$2y$10$vxv5ULTSnbPdBZD8boJAXuKIa3i5uXoPjQnL.I6xRVBQnleSgz9JW',NULL,'2019-04-16 08:20:06','2019-04-16 08:20:06',4,1),(223,'Hirakaji Gole','hirakajigole@samaya.com.np',NULL,'$2y$10$SxveOpxVroGUp0y7q3Sfgefz/XHW6WpBj0K9B7Y/dX.1uffLPaQR2',NULL,'2019-04-16 08:20:06','2019-04-16 08:20:06',4,1),(224,'Lov Kumari Dhakal','lovkumari@samaya.com.np',NULL,'$2y$10$qxwdmf2gn2zhz0QOiIZUD.VRWF8iVU3p2F8quDTckABicnVMJ7rrW',NULL,'2019-04-16 08:20:06','2019-04-16 08:20:06',4,1),(225,'Surya Bahadur Thing','suryathing@samaya.com.np',NULL,'$2y$10$vdO00fbDfLMqZZ2k5kAvOujfbWrU5rAidKMfUNT980RE3tmLDXl4C',NULL,'2019-04-16 08:20:07','2019-04-16 08:20:07',4,1),(226,'Surya Bahadur Tamang','suryatamang@samaya.com.np',NULL,'$2y$10$jqp3yXUbSWqyM33hz.Vn1u45Clf0yj3zgsdkqD7ycQAWOpvjeuHH.',NULL,'2019-04-16 08:20:07','2019-04-16 08:20:07',4,1),(227,'Bimal Bomjan','bimal@samaya.com.np',NULL,'$2y$10$8t1EE7Wzl3XR/nlS2HK.D.LtjGm/1ENcWllDkW98IAZsWGqZj/qkC',NULL,'2019-04-16 08:20:07','2019-04-16 08:20:07',4,1),(228,'Dhana Kumar Syangtan','dhanakumar@samaya.com.np',NULL,'$2y$10$yWtpCWVErzn93zbSQn3MOefTnejw28Mgzn3pKIMTrubkGufiWMjge',NULL,'2019-04-16 08:20:07','2019-04-16 08:20:07',4,1),(229,'Deep Bahadur Thing','deepthing1@samaya.com.np',NULL,'$2y$10$vV5XIa74.cm.glBav/kfNeNt7hVCn/OaJD/iEKaaLgQs/DJqUHDRe',NULL,'2019-04-16 08:20:07','2019-04-16 08:20:07',4,1),(230,'Bikash Joshi','bikashjoshi@samaya.com.np',NULL,'$2y$10$J8v0LmMO1c0A7uV9oMt.POSmScIfUalTPbPhLBCzF8ugj0L7LAIa2',NULL,'2019-04-16 08:20:08','2019-04-16 08:20:08',4,1),(231,'Dipak Bahadur Ghalan','dipakghalan@samaya.com.np',NULL,'$2y$10$nfOUlylHvw7Fegik55vsnO.rksr65W6WwNsYmeRPLjKvYAh..aahW',NULL,'2019-04-16 08:20:08','2019-04-16 08:20:08',4,1),(232,'Ram Bahadur Waiba','ramwaiba@samaya.com.np',NULL,'$2y$10$cOx5r0qr.YBZionyoyE3T.GO.m1t.PScMK7MvzkcdXJw6g57ZQkfG',NULL,'2019-04-16 08:20:08','2019-04-16 08:20:08',4,1),(233,'Surya Lo','suryalo@samaya.com.np',NULL,'$2y$10$nrjQiCRgaxZZvzYvPzkH5unznJQR8GpHa33KT4MmXFeBPWgJcc74e',NULL,'2019-04-16 08:20:08','2019-04-16 08:20:08',4,1),(234,'Bikram Thapa','bikramthapa@samaya.com.np',NULL,'$2y$10$86FUG05EJbCvqPo.zJqdOe74vude1T6Ku0JyWkU/mH2mAQFczUmN6',NULL,'2019-04-16 08:20:08','2019-04-16 08:20:08',4,1),(235,'Amrit Basnet','amritbasnet@samaya.com.np',NULL,'$2y$10$hd03QI11EX6IBF25pqpdh.wPi9SIoLVIs6e3CU2PXMSQDr7gFWEGi',NULL,'2019-04-16 08:20:09','2019-04-16 08:20:09',4,1),(236,'Prabesh Thapa Magar','prabesh@samaya.com.np',NULL,'$2y$10$vTHIc7f/GYPQIDkesv6w4.CvRK16tA67ZyOGIAmFOkYrAgUex9R9y',NULL,'2019-04-16 08:20:09','2019-04-16 08:20:09',4,1),(237,'Prem Ale Magar','premale@samaya.com.np',NULL,'$2y$10$49IjjidZYVkzXXyfdlbt1Ooh7DJApfJYgBhcW/4YB6WeV/N/hyM7.',NULL,'2019-04-16 08:20:09','2019-04-16 08:20:09',4,1),(238,'Salman BK','salman@samaya.com.np',NULL,'$2y$10$93w1yIsTqLRfAkeUi2qPg.zZOzX3Pnv8lNwIxRNJffOuB7O/zNIMS',NULL,'2019-04-16 08:20:09','2019-04-16 08:20:09',4,1),(239,'Aruna Thakur','arunathakur1@samaya.com.np',NULL,'$2y$10$JhSSshICAEDBKWXzXDLlPOOdKZDiGISUfeVvjVccWnk0E.4oJnrLa',NULL,'2019-04-16 08:20:10','2019-04-16 08:20:10',4,1),(240,'Mahendra Kumar Thing','mahendrathing@samaya.com.np',NULL,'$2y$10$q4Ytikb0RFj8gUGH7UcneuoDLe4UhHHLFG7NltNrjaqIOYcgDJgLe',NULL,'2019-04-16 08:20:10','2019-04-16 08:20:10',4,1),(241,'Anish Ghalan \'B\'','anishghalan@samaya.com.np',NULL,'$2y$10$7GpsNyyrSCNvMLm4TnbI9.kZQzTb4nODFiCh63DlApTnQVUouJ2Ba',NULL,'2019-04-16 08:20:10','2019-04-16 08:20:10',4,1),(242,'Karna Bahadur Karki','karna@samaya.com.np',NULL,'$2y$10$K84QQfdn9dgdn3eZ7s/M.e/cUX30Kr/BbZw80akKVddCf2YWjscmq',NULL,'2019-04-16 08:20:10','2019-04-16 08:20:10',4,1),(243,'Lalit Bomjan','lalit@samaya.com.np',NULL,'$2y$10$NW/p.QnQ4LYXDefFa0Af8O3bbH2M27BMfxWx49faBa4L6jMIF4uKC',NULL,'2019-04-16 08:20:11','2019-04-16 08:20:11',4,1),(244,'Sanjiv Saha','sanjivsaha@samaya.com.np',NULL,'$2y$10$0lOFhC.IQilS3dvYFv5bA.p78Iux2WaRRriUuqed7xxM42HiHesbG',NULL,'2019-04-16 08:20:11','2019-04-16 08:20:11',4,1),(245,'Sitaram Sundas','sitaramsundas@samaya.com.np',NULL,'$2y$10$VHesZoBSPqLBFnJhtqwl.Oe8Q5FwnwDfmA5D1tXYDwLGN0p2FOxMu',NULL,'2019-04-16 08:20:11','2019-04-16 08:20:11',4,1),(246,'Bhim Bahadur Sarki','bhimsarki@samaya.com.np',NULL,'$2y$10$cPoV084UnIPd905yRNGuS.b1NSKTM2hwdfxyyDzicX3.ksCfs0QGC',NULL,'2019-04-16 08:20:11','2019-04-16 08:20:11',4,1),(247,'Amrit Thing','amritthing@samaya.com.np',NULL,'$2y$10$1bgY2bwnYJukA2Vg4lYZkOtQkc2UyWiwmJU/FTceRagjlJxajvPy6',NULL,'2019-04-16 08:20:11','2019-04-16 08:20:11',4,1),(248,'Amrit Lama','amritlama@samaya.com.np',NULL,'$2y$10$HKA/Cykb61cfF83kXfO.Nec9Nidn1xSkzHMM6ob9G/JuoGSZUemnm',NULL,'2019-04-16 08:20:12','2019-04-16 08:20:12',4,1),(249,'Baudha Kumar Shrestha','boudha@samaya.com.np',NULL,'$2y$10$OnE4j84NBBkAfd3nwHyuP.xTd.Rivc6cJKiavgv1yFB/8KtGjN9FG',NULL,'2019-04-16 08:20:12','2019-04-16 08:20:12',4,1),(250,'Phurba Thing','phurba@samaya.com.np',NULL,'$2y$10$zVKpCTJZrJNwxmTFtB5ee.Hw/ATjLuTXj11uHQCpn9GlE.yLthfWW',NULL,'2019-04-16 08:20:12','2019-04-16 08:20:12',4,1),(251,'Dhana Raj Lamichhane','dhanaraj@samaya.com.np',NULL,'$2y$10$qKPVcbmzeYaPfkRERC1YduZTca0asOAycucJ3w/291nJQWyIPRrRW',NULL,'2019-04-16 08:20:12','2019-04-16 08:20:12',4,1),(252,'Shanti Tamang','shanti@samaya.com.np',NULL,'$2y$10$/.r3HgMrsD4L5cxTNAPOFOnTVfqCie8hHdmpANUyyAIyDq3xS4or.',NULL,'2019-04-16 08:20:12','2019-04-16 08:20:12',4,1),(253,'Om Narayan Darlami','omnarayan@samaya.com.np',NULL,'$2y$10$oIzw.8iLzCJvniOlcaUWWu9yvro8ef.eRK5Ih4p1KHbAp6fncyIsW',NULL,'2019-04-16 08:20:13','2019-04-16 08:20:13',4,1),(254,'Hirakaji Thami','hirakajithami@samaya.com.np',NULL,'$2y$10$5zLW1ehG932W.EmDxzCTqeXX8kOrl1m7huMT5Zzp4FejNLDbMqd4K',NULL,'2019-04-16 08:20:13','2019-04-16 08:20:13',4,1),(255,'Krishna Bahadur Bholan','krishnabholan@samaya.com.np',NULL,'$2y$10$e8SNZJ0Bi1poTgQcgrdYW.0LpANK7tvp/w1VaV5K0uiHa8XfXfQrW',NULL,'2019-04-16 08:20:13','2019-04-16 08:20:13',4,1),(256,'Nirdosh Pakhrin','nirdosh@samaya.com.np',NULL,'$2y$10$Ek4z6s5huX4g9WhOMm6nQ.a2grTM14RRasuLsCXSnnsyqa8m/oVDK',NULL,'2019-04-16 08:20:13','2019-04-16 08:20:13',4,1),(257,'Puja Shrestha','puja@samaya.com.np',NULL,'$2y$10$bXomFkd/Lb5UFI6ES.C2EOmuBcd19v1TOGfnX264Cz4vQzW5IIknG',NULL,'2019-04-16 08:20:13','2019-04-16 08:20:13',4,1),(258,'Indra Bahadur Tamang','indratamang@samaya.com.np',NULL,'$2y$10$ZCeoDRgZ8WFxMWjCyoA17OSj43YaUvXAtvCOHPsHJRuuEgvSOPX1q',NULL,'2019-04-16 08:20:14','2019-04-16 08:20:14',4,1),(259,'Shakti Man Thing','shakti@samaya.com.np',NULL,'$2y$10$UfM5E1bLp202RL6mnrG59eLzA8gNqG75Uhai4lUGUh1vhg6IQT0K2',NULL,'2019-04-16 08:20:14','2019-04-16 08:20:14',4,1),(260,'Dhana Bahadur Bomjan','dhanabomjan@samaya.com.np',NULL,'$2y$10$sHpvK45Enz2Ux1D8mjqigOgRZEmxkWCTHvZaA2n.gqORy29QMsYxa',NULL,'2019-04-16 08:20:14','2019-04-16 08:20:14',4,1),(261,'Supat Singh Bomjan','supat@samaya.com.np',NULL,'$2y$10$/jMwnWQkOw4QDG0KdMkze.cHtrRUc1p80UJyDD97A3sFsZtyJDJuq',NULL,'2019-04-16 08:20:14','2019-04-16 08:20:14',4,1),(262,'Mem Bahadur Bomjan','membomjan@samaya.com.np',NULL,'$2y$10$Tng5d3c5fuVkaK1xi3yncuxq7QyTDA1JGaLHH0kFAH9AtOhgBzkgG',NULL,'2019-04-16 08:20:14','2019-04-16 08:20:14',4,1),(263,'Dhan Bahadur Bajyoo','dhanbajyoo@samaya.com.np',NULL,'$2y$10$RHR4J06hT0R.CafOEBDrQOC87v1b9V7UEH77hnmBVJyS56F.wum4u',NULL,'2019-04-16 08:20:15','2019-04-16 08:20:15',4,1),(264,'Navaraj Lama','navaraj@samaya.com.np',NULL,'$2y$10$fwGxrdXvc3doeUEVKbA3se4UWK/2OMz09N.u9LHbXUXPDwpVDa4hm',NULL,'2019-04-16 08:20:15','2019-04-16 08:20:15',4,1),(265,'Ram Lwagun','ramlwagun@samaya.com.np',NULL,'$2y$10$A1tMk3AcQYHZEOS8iteC5unlffkILrFrkY3X0YOFJEeFckalwMJ4u',NULL,'2019-04-16 08:20:15','2019-04-16 08:20:15',4,1),(266,'Keshav Jogi','keshavjogi@samaya.com.np',NULL,'$2y$10$YNgdUJtb3Ic0pjbkgcmrlem8r7XakCYUkZrUmee/NyUYIsah6skpG',NULL,'2019-04-16 08:20:15','2019-04-16 08:20:15',4,1),(267,'Tika Bahadur Bholan','tikabahadur@samaya.com.np',NULL,'$2y$10$L2fOz//tNWXacM0.eFPAGe6R7sBaS23.2wj8eGbh4AB51aFA1hT76',NULL,'2019-04-16 08:20:16','2019-04-16 08:20:16',4,1),(268,'Jeet Bahadur Rana','jeet@samaya.com.np',NULL,'$2y$10$FAsB6dMHJdiecfW7t/fvJuMhX7oUB5E508oqX0rk29nuazcZuG2oO',NULL,'2019-04-16 08:20:16','2019-04-16 08:20:16',4,1),(269,'Som Pakhrin','sompakhrin@samaya.com.np',NULL,'$2y$10$xo2nFtK5afqqnn0dOtS6ou/qoEfEWPotKYJaLslzYWZEob1yIZXh6',NULL,'2019-04-16 08:20:16','2019-04-16 08:20:16',4,1),(270,'Jiban Majhi','jiban@samaya.com.np',NULL,'$2y$10$N2z1e4i3K/Jza8QKe1pGh.TO63jp/5o/0deLZGvNiPvSp.Im7BXQC',NULL,'2019-04-16 08:20:16','2019-04-16 08:20:16',4,1),(271,'Ashok BK','ashokbk@samaya.com.np',NULL,'$2y$10$lucYG531CxqAYof6Qmm/EOx0Ho6Y2jxJciXApcm6X8RgwuAjfPscS',NULL,'2019-04-16 08:20:17','2019-04-16 08:20:17',4,1),(272,'Purna Bahadur Bholan','purnabholan@samaya.com.np',NULL,'$2y$10$Y9SkjViPmhdrRmyblEq11.zRE/M1qPJLEwXLil.wpQLi3e93O5Q9y',NULL,'2019-04-16 08:20:17','2019-04-16 08:20:17',4,1),(273,'Indra Shrestha','indrashrestha@samaya.com.np',NULL,'$2y$10$LTiyKYH0HA.ach3vTRu9hePocrIt4YztOGhwQVmtQ8QZuiY2auQUe',NULL,'2019-04-16 08:20:17','2019-04-16 08:20:17',4,1),(274,'Sukra lama','sukralama@samaya.com.np',NULL,'$2y$10$xji4ZfrrXRK.kk/KjFAy0.QHo8nh0kzyss/IQD1LVJ2V06LlKQePO',NULL,'2019-04-16 08:20:17','2019-04-16 08:20:17',4,1),(275,'Mukesh Jaiswal','mukeshjaiswal@samaya.com.np',NULL,'$2y$10$hhwpyLS9vYxbCGdt/BW2OOkxV9pX7W8ymomIBBwciWBI5kU0L94Qe',NULL,'2019-04-16 08:20:17','2019-04-16 08:20:17',4,1),(276,'Shiva Raj Saha','shivarajsaha@samaya.com.np',NULL,'$2y$10$aXKFf8HZMixcm1GlTRHZMednOEyab2TldsTI3SfWOTWLbAXvHW7bS',NULL,'2019-04-16 08:20:18','2019-04-16 08:20:18',4,1),(277,'Hem Kumar Ale ','hemkumar@samaya.com.np',NULL,'$2y$10$RzV4DFmJvvE.ZiDTb7Mn4evvxWPqWGY7dhW.kn02f/FHnr2uUL18i',NULL,'2019-04-16 08:20:18','2019-04-16 08:20:18',4,1),(278,'Shankar Bomjan','shankarbomjan@samya.com.np',NULL,'$2y$10$j5wAz82fx3m8g7Ax2YNnXuijlQtmhhBCEDEawzsb25/CALClbqbVC',NULL,'2019-04-16 08:20:18','2019-04-16 08:20:18',4,1),(279,'Rabindra Bal','rabindra@samaya.com.np',NULL,'$2y$10$U4EencbOTNlE4IlndBOHQOrIbq7EBjeob5LPq5/y0ssM7nGM8ZTX6',NULL,'2019-04-16 08:20:18','2019-04-16 08:20:18',4,1),(280,'Pabi Tamang','pabitamang@samaya.com.np',NULL,'$2y$10$xQVdARmcYmBwfCh20fDSzeGWoemSoEB3seF1cKWRNiMwSXnohLmuq',NULL,'2019-04-16 08:20:18','2019-04-16 08:20:18',4,1),(281,'Reban Kumar Shrestha','reban@samaya.com.np',NULL,'$2y$10$Sb.U3FQPsAULd0cvaov8PuTKNjqV8KaL9807xwKyhvzsfNYdIPcJG',NULL,'2019-04-16 08:20:19','2019-04-16 08:20:19',4,1),(282,'Ram Bahadur Pakhrin','rambahadurp@samaya.com.np',NULL,'$2y$10$DRTWBVbTPGGrdtE0qepaBuuzH.IuWYetp1TNgXyiNP5ZWsCpqq98.',NULL,'2019-04-16 08:20:19','2019-04-16 08:20:19',4,1),(283,'Prakash Shrestha','prakash@samaya.com.np',NULL,'$2y$10$.s8SjIfSTOk.3Or99MF2Venz9CtB6dZFHgz22peM98ZB8b9o3f9Xe',NULL,'2019-04-16 08:20:19','2019-04-16 08:20:19',4,1),(284,'Dhana Bahadur Thing','dhanathing@samaya.com.np',NULL,'$2y$10$97yq.IzIVpO/Jun03PuwQepOfDgfrUF9ooCy.Dm5WVdLdKHGnDwN6',NULL,'2019-04-16 08:20:19','2019-04-16 08:20:19',4,1),(285,'Gokarna Thapa','gokarna@samaya.com.np',NULL,'$2y$10$P0cpgEUTGGfA0G1AY7D2j..LqoeXpJmY1EvvJ5XVI0DZF./9pRNhW',NULL,'2019-04-16 08:20:19','2019-04-16 08:20:19',4,1),(286,'Padam Bahadur Gole','padamgole@samaya.com.np',NULL,'$2y$10$fCsOV7HZeexm7rkAWG6Mf.IsfjEC82wywilnSCXizTV4RK2jUG3Ne',NULL,'2019-04-16 08:20:20','2019-04-16 08:20:20',4,1),(287,'Dinesh Ghising','dinesh@samaya.com.np',NULL,'$2y$10$/aUEUFju7W65XMiZ7Xnv2OebLURUtzZJnRMqx2JenZH3/4nazvdZ6',NULL,'2019-04-16 08:20:20','2019-04-16 08:20:20',4,1),(288,'Pramod Kumar Saha','pramod@samaya.com.np',NULL,'$2y$10$vPXCoIWgm4jrFSg2ReQoweCpsXf1.rmiFN6HIAxJXW8IG.yIdsqaC',NULL,'2019-04-16 08:20:20','2019-04-16 08:20:20',4,1),(289,'Gopi Bomjan','gopi@samaya.com.np',NULL,'$2y$10$koUc24Cb6mFHT8s.d0WTF.sTJMpqAeUeH.9rcyhgpl5Td9B42PQOi',NULL,'2019-04-16 08:20:20','2019-04-16 08:20:20',4,1),(290,'Artha Bahadur Gole','artha@samaya.com.np',NULL,'$2y$10$FYg4VuPWeFSEu1j4qY51xuLf8BDraQj2Yq7k62c3Ryv3T9pQ483gG',NULL,'2019-04-16 08:20:21','2019-04-16 08:20:21',4,1),(291,'Biru Majhi','biru@samaya.com.np',NULL,'$2y$10$dD3Z1RHDmg6rqpgFts6QauzhSSAjolhMt80dMiKzBgMX3qarK4bD6',NULL,'2019-04-16 08:20:21','2019-04-16 08:20:21',4,1),(292,'Bir Bahadur Pakhrin','birpakhrin@samaya.com.np',NULL,'$2y$10$IhXlX8jX8Vfm25sWw4iDAOEdyQjE.g23EvxGAYCqhhOVjaS3ESy9C',NULL,'2019-04-16 08:20:21','2019-04-16 08:20:21',4,1),(293,'Dhana Bahadur Pakhrin','dhanapakhrin@samaya.com.np',NULL,'$2y$10$luXPzE8uN0kdUIo5kGUW9OhMkbPfx3bNraCj4Q3Qhs6VCudCI1vWS',NULL,'2019-04-16 08:20:21','2019-04-16 08:20:21',4,1),(294,'Rajesh Chhetri','rajesh@samaya.com.np',NULL,'$2y$10$MM1zO8XXMI3A96bEgFLklenQpcBvQU48G3iZ2hlQ1ysKTwHeizpJ6',NULL,'2019-04-16 08:20:21','2019-04-16 08:20:21',4,1),(295,'Akkal Bahadur Syangtan','akkal@samaya.com.np',NULL,'$2y$10$sU9W84jtla51ntCD3XEZgun/1pF0.f4RkD.JjA3L775AWeygFBC/q',NULL,'2019-04-16 08:20:22','2019-04-16 08:20:22',4,1),(296,'Bishnu Bahadur Pakhrin','bishnu@samya.com.np',NULL,'$2y$10$MtbNSo.le2vCXvPf4S1Nmeq9CJ//o4Y519eRLL/wPRoJL61vKW0iS',NULL,'2019-04-16 08:20:22','2019-04-16 08:20:22',4,1),(297,'Surendra Saha','surendrasaha@samaya.com.np',NULL,'$2y$10$RYrgs8kwZt1cxH0fujaPKOpBfi4eqeXbwuBoNzxfQm7OfwbH5OQhu',NULL,'2019-04-16 08:20:22','2019-04-16 08:20:22',4,1),(298,'Binod BK','binodbk@samaya.com.np',NULL,'$2y$10$43Ej6ivoGA.pTV4hZxH2peDWqXj1Tu0ugl7kQv40TH2BkBOKEiKnS',NULL,'2019-04-16 08:20:22','2019-04-16 08:20:22',4,1),(299,'Krishna Devkota','krishna@samaya.com.np',NULL,'$2y$10$mHS6RIK4nCu.M2jVk5NQPucVqprYurXkEbSs5iETF/uvXMkpj2omi',NULL,'2019-04-16 08:20:22','2019-04-16 08:20:22',4,1),(300,'Rebati Prasad Devkota','rebati@samaya.com.np',NULL,'$2y$10$ckAhM8y3lUGKvT0oNV3/d.LQSthyfv9BSCaNUtex7IJlilnxQmtDO',NULL,'2019-04-16 08:20:23','2019-04-16 08:20:23',4,1),(301,'Ramesh Bhujel','rameshbhujel@samaya.com.np',NULL,'$2y$10$jmh43lLtODSnRcVpLSP57uI5O6VxM4AadKVgxP2GeqChMm1B3mvYO',NULL,'2019-04-16 08:20:23','2019-04-16 08:20:23',4,1),(302,'Nir Bahadur Thing','nirbahadur@samaya.com.np',NULL,'$2y$10$b5h2eR.2cXuWIz5FprmSU.aRFtfpBvycnWyW/y2LtE3I9WOwY6pou',NULL,'2019-04-16 08:20:23','2019-04-16 08:20:23',4,1),(303,'Junesh Khadka','junesh@samaya.com.np',NULL,'$2y$10$jcr2ZNm2Dlbi91yCoYXRcex0mqTdM5jED30Is6rIVsqEIOMIo6IMi',NULL,'2019-04-16 08:20:23','2019-04-16 08:20:23',4,1),(304,'Khadga Bahadur Khadka','khadkakhadka@samaya.com.np',NULL,'$2y$10$cjnesxdYCkcfHkHDpoEoC.oSBgk6OLYDirpp4JWBMj1tM8XJOMQbO',NULL,'2019-04-16 08:20:23','2019-04-16 08:20:23',4,1),(305,'Rambal Pahari','rumbal@samaya.com.np',NULL,'$2y$10$o/rrdWsnZNFC1nW3pS6EDu5X9gYdePM.HO9bJNuODVuysGFpFKjLC',NULL,'2019-04-16 08:20:24','2019-04-16 08:20:24',4,1),(306,'Narayan Gole','narayangole@samaya.com.np',NULL,'$2y$10$Cc/366zl5YJ5uo.c1Aa3O.DfCt8LmBnPaEkFWCGvrJ8NMlKVHf..S',NULL,'2019-04-16 08:20:24','2019-04-16 08:20:24',4,1),(307,'Roshan Tamang','roshantamang@samaya.com.np',NULL,'$2y$10$ZZPoaOdsxD5uI9HMM6OWBeEDSwCpBxhD4B2IUymymbvIFn95kByU2',NULL,'2019-04-16 08:20:24','2019-04-16 08:20:24',4,1),(308,'Raj Kumar Bomjan','rajbomjan@samaya.com.np',NULL,'$2y$10$yxyEE5/J8HTnsGezczKnaOIaKjMktMSexProB.rPpuGiGYdlVlplq',NULL,'2019-04-16 08:20:24','2019-04-16 08:20:24',4,1),(309,'Rajendra Ligal','rajendra@samaya.com.np',NULL,'$2y$10$/6Op6Sgr4g3tdK5wOZlj5.1SJGb1aeHuobnCN25ABtUls9aw815Ue',NULL,'2019-04-16 08:20:24','2019-04-16 08:20:24',4,1),(310,'Ram Kumar Waiba','ramkwaiba@samaya.com.np',NULL,'$2y$10$B0qosa1C4he72kqo0XlTrejFpXV6zfYVcTDHlNJhgpCu2rA1oIb/2',NULL,'2019-04-16 08:20:25','2019-04-16 08:20:25',4,1),(311,'Sarmila Tamang','sarmilatamang@samaya.com.np',NULL,'$2y$10$L6.f8q7QLe8ntq5.UICaBeMXNv8X53jor9u9WwkKM.cFJ9G.Hrku6',NULL,'2019-04-16 08:20:25','2019-04-16 08:20:25',4,1),(312,'Magar Singh Waiba','magarwaiba@samaya.com.np',NULL,'$2y$10$F1DxaC73ccW0EZx1.mJlKOfiiidxI3XwtsJakJYh/VJYy7oDGokAG',NULL,'2019-04-16 08:20:25','2019-04-16 08:20:25',4,1),(313,'Rajendra Thakur','rajendrathakur@samaya.com.np',NULL,'$2y$10$mTW0Eklu0Mec5u1Ox5mTGORhEEJ5FP6WAJhMRVrNtUOE4lCazrQ82',NULL,'2019-04-16 08:20:25','2019-04-16 08:20:25',4,1),(314,'Amresh  Baidar','amreshbaidar@samaya.com.np',NULL,'$2y$10$ZJ3.IJW6xkdeaI5f7uzjUeEp4ZNJTPwmrNzxSF7yyRNs8uesRzU2m',NULL,'2019-04-16 08:20:25','2019-04-16 08:20:25',4,1),(315,'Dani Thakur','dani@samaya.com.np',NULL,'$2y$10$A/Mt5nYKGkOaiAfgi2zDceoU4JoWQl0Z2Hq7c9bgsAG98osUgIYOa',NULL,'2019-04-16 08:20:26','2019-04-16 08:20:26',4,1),(316,'Shiva Sunuwar','shivasunuwar@samya.com.np',NULL,'$2y$10$tCVlhg2/57IqvapgGUOrBu7F1Sgq4/OVWxFi3Aiv9nh2qsUQPf2Tu',NULL,'2019-04-16 08:20:26','2019-04-16 08:20:26',4,1),(317,'Prem Bahadur Shrestha','prembahadurs@samaya.com.np',NULL,'$2y$10$xob4VXaWa/oO/HCJqhEvCublwIw4X2I9kXQpCkR28zTKPREp1GShu',NULL,'2019-04-16 08:20:26','2019-04-16 08:20:26',4,1),(318,'Jayaman Bomjan','jayaman@samaya.com.np',NULL,'$2y$10$N2OEkbrJtkYlmX.axp820.9ZH2jru95bBBuzFleXz4oGNNoAVohei',NULL,'2019-04-16 08:20:26','2019-04-16 08:20:26',4,1),(319,'Lila Mani Ghimire','lilamani@samaya.com.np',NULL,'$2y$10$BhWBi1dNyPCQNgY7No3U0.k4tXNeBAaSI8WsutRN6R2vv3gSQ/Vjq',NULL,'2019-04-16 08:20:26','2019-04-16 08:20:26',4,1),(320,'Birman Bholan','birman@samaya.com.np',NULL,'$2y$10$z6A9R9SXMUSNnqs08JKaEecPO1XENRhM7lsoh48pRZg1xpVuITcRO',NULL,'2019-04-16 08:20:26','2019-04-16 08:20:26',4,1),(321,'Prem Bomjan','prembomjan@samaya.com.np',NULL,'$2y$10$pKKsveeSFlUoDu4Xk1zfYenVGXSroR0vYm3L3bwweRy0cXlmZfsoO',NULL,'2019-04-16 08:20:27','2019-04-16 08:20:27',4,1),(322,'Jashman Ghising','jashman@samaya.com.np',NULL,'$2y$10$EPU3d43A/qCWioJj7BHom.wYK1Vatq1EOz4bTHs5YiHBZEbxgEnhi',NULL,'2019-04-16 08:20:27','2019-04-16 08:20:27',4,1),(323,'Bishnuman Bholan','bishnubholan@samaya.com.np',NULL,'$2y$10$F8ZA23s3Sega1hnTG.lmuO8ClDPKLHGZiFSNQLqh9a/14oBci8BS.',NULL,'2019-04-16 08:20:27','2019-04-16 08:20:27',4,1),(324,'Arjun BK','arjun@samaya.com.np',NULL,'$2y$10$Cl.TSTDIOcZEA0vmNJmTm.1yPU89lFSL2gLhO1Wd9.7SS6lRS5MDC',NULL,'2019-04-16 08:20:27','2019-04-16 08:20:27',4,1),(325,'Jitendra Thakur','jitendra@samaya.com.np',NULL,'$2y$10$E/yw9lYlMJ7hxbDFjA8lIeOZK74iN.0XxuZL2YCjQoWFfjvqr49zi',NULL,'2019-04-16 08:20:28','2019-04-16 08:20:28',4,1),(326,'Suman Hayu','sumanhayu@samaya.com.np',NULL,'$2y$10$FDc63K9Qu7tveO7P4xSJPO9IUCV5pxI5WT/EQJJ6BVLXgVRqgN09.',NULL,'2019-04-16 08:20:28','2019-04-16 08:20:28',4,1),(327,'Bumsang Thing','bumsang@samaya.com.np',NULL,'$2y$10$epPXiKr/iEb0G7.ISjNz7OE5OT5fFR/olj7WyFzFvD6VS0fzNygau',NULL,'2019-04-16 08:20:28','2019-04-16 08:20:28',4,1),(328,'Dhiraj Shrestha','dhirajs@samaya.com.np',NULL,'$2y$10$KDDPE2t.chFXdUF3NGaQGudvEPVjYuPkbEdO7iLrfcn6Xoi3d9i2W',NULL,'2019-04-16 08:20:28','2019-04-16 08:20:28',4,1),(329,'Jeet Bhadur Syangba','jeetbahadur@samaya.com.np',NULL,'$2y$10$VcKI0icRWU.Irs0NLDizwOvMjwa6ZN4gtv0yNzFCIuiyfuijO9PBC',NULL,'2019-04-16 08:20:29','2019-04-16 08:20:29',4,1),(330,'Som Bahadur Tamang','somtamang@samaya.com.np',NULL,'$2y$10$QtaC/W5wLRK2OYVxmXZlD.l1NxbqOBUXhL8VXUib8yHFngP6Ds1..',NULL,'2019-04-16 08:20:29','2019-04-16 08:20:29',4,1),(331,'Kumar Waiba','kumarwaiba@samaya.com.np',NULL,'$2y$10$A6DDo38Rfg35w7FjSXO2oOD6c309jlrg.ja813rIKxwAmodtoQTjS',NULL,'2019-04-16 08:20:29','2019-04-16 08:20:29',4,1),(332,'Jogman Bomjan','jogman@samaya.com.np',NULL,'$2y$10$S/VdRuRgJ9UeYCUV3vWRe.ke2Q9NbTNPcHaTbhnS9hr3ICK6Tr3wC',NULL,'2019-04-16 08:20:29','2019-04-16 08:20:29',4,1),(333,'Salin Khadka','salin@samaya.com.np',NULL,'$2y$10$VEH1v/giPahu4dy0BNEuQOTiZw9UTzh0iDMLOFpF5DDg7WU4ox8T2',NULL,'2019-04-16 08:20:29','2019-04-16 08:20:29',4,1),(334,'Raju Man Bajyoo','rajuman@samaya.com.np',NULL,'$2y$10$q/uZvFcG/MK.HiRUJ0eLkePo0qtn27SJmRi06FCY/Fuhk1GLsbNg6',NULL,'2019-04-16 08:20:30','2019-04-16 08:20:30',4,1),(335,'Binod Raj Thapa','binodraj@samaya.com.np',NULL,'$2y$10$2IzRE.PU.NqkgAb2W9qdLOa3vl8HDL3.hxJeJP/7rfIfGAj9Wx2Ka',NULL,'2019-04-16 08:20:30','2019-04-16 08:20:30',4,1),(336,'Mersing Bomjan','mersing@samaya.com.np',NULL,'$2y$10$ySeBVsWdSGQZYSPRKJLtGe5FElHnHQ0gAjW7edNMxW6yBTiR033E6',NULL,'2019-04-16 08:20:30','2019-04-16 08:20:30',4,1),(337,'Sagar Thing','sagar@samaya.com.np',NULL,'$2y$10$Iylw6HXUUAeYRucuBLhX1O2TBRF2mk3XaRM/ARisGyuD1I4k2Ql9C',NULL,'2019-04-16 08:20:30','2019-04-16 08:20:30',4,1),(338,'Padam Tamang','padamtamang@samaya.com.np',NULL,'$2y$10$yxZg4nEYyZvQtq8jFPZd3O7/BCa/b.EK7qRnYPIT4oOaBOe1JgiA2',NULL,'2019-04-16 08:20:30','2019-04-16 08:20:30',4,1),(339,'Krishna Bahadur Thapa ','krishnamagar@samaya.com.np',NULL,'$2y$10$aaDVC8hfgn9u8zEdc5bkuO78svDHsj.yr768sIiYf5xfpy2z65Ntm',NULL,'2019-04-16 08:20:31','2019-04-16 08:20:31',4,1),(340,'Badri Prasad Devkota','badri@samaya.com.np',NULL,'$2y$10$QWv./qLlXJGtPeEB7qd7ZugUyuDIYbGWwbzIEB5GNP5zNw5.BU/gW',NULL,'2019-04-16 08:20:31','2019-04-16 08:20:31',4,1),(341,'Santosh Saha','santoshsaha@samaya.com.np',NULL,'$2y$10$8eLa2kmq2plH7RMIdo4Lkur2LEZNGr8h0H7Rlzy5IFcyiEnb3WcxC',NULL,'2019-04-16 08:20:31','2019-04-16 08:20:31',4,1),(342,'Lal Babu Gupta','lalbabu@samaya.com.np',NULL,'$2y$10$0xnjs0gLq.6.Eb2/EmdJYOUAswO.9AtaEi6DXdvoMFLwb2r2TIINe',NULL,'2019-04-16 08:20:31','2019-04-16 08:20:31',4,1),(343,'Shanta Bahadur Bholan','shantabholan@samaya.com.np',NULL,'$2y$10$ejbz.RMjuyLVaqbRasAj0.sEiIoaYTG3ixmNf8yBBSNxo5xyyG1tK',NULL,'2019-04-16 08:20:32','2019-04-16 08:20:32',4,1),(344,'Shiva Lal Sunuwar','shivallal@samaya.com.np',NULL,'$2y$10$jGTmQ9u/Rxs1BOo4gfzu7urZbISS9Q5OgSqronMhzrw77PxPekYLe',NULL,'2019-04-16 08:20:32','2019-04-16 08:20:32',4,1),(345,'Ganesh Chaudhary','ganeshc@samaya.com.np',NULL,'$2y$10$3Uid/pqGaowV0t3hy55mT.K3rEirFNM6of7FBvVfcbOc.Nmsm7Vbu',NULL,'2019-04-16 08:20:32','2019-04-16 08:20:32',4,1),(346,'Bir Bahadur Lungeli Magar','birlungeli@samaya.com.np',NULL,'$2y$10$75ohKY5MHiQwIHPHgo2bZOQPv0ew9LBFYBEUXOcrPM58oGo62SzCO',NULL,'2019-04-16 08:20:32','2019-04-16 08:20:32',4,1),(347,'Subha Lal Waiba','subhalal@samaya.com.np',NULL,'$2y$10$A3UBrxI70VbbsuikYk1R5uTzpAaQD7xnWraOtM0hogjDlHz2vM0Q6',NULL,'2019-04-16 08:20:32','2019-04-16 08:20:32',4,1),(348,'Kapendra Kumar Ghalan','kapendra@samaya.com.np',NULL,'$2y$10$cFc47YfbZXvy3LXwk5VcsePVLNVK1.yLZvbxKmqjlJsfeigv./uyW',NULL,'2019-04-16 08:20:33','2019-04-16 08:20:33',4,1),(349,'Dev Kumar Bal','devkumar@samaya.com.np',NULL,'$2y$10$FUl7VXnNGdgo/VXUs4dqt.jsrDqbQZsLyfKRjNkamb9hGduFjH9im',NULL,'2019-04-16 08:20:33','2019-04-16 08:20:33',4,1),(350,'Akbar Husain Ansari','akbar@samaya.com.np',NULL,'$2y$10$JgeyP4uSN/1eXgevUY7U6OiJA1Lqu2SLzU9NrlAQW0AkiRZA0zOUe',NULL,'2019-04-16 08:20:33','2019-04-16 08:20:33',4,1),(351,'Laxman Suji','laxman@samaya.com.np',NULL,'$2y$10$EXxeRaHpRhWOYiUPZRFiMO6P.4imXuzxpz48Dvv2BIOAFahU7nl3a',NULL,'2019-04-16 08:20:33','2019-04-16 08:20:33',4,1),(352,'Tulku Lama','tulku@samaya.com.np',NULL,'$2y$10$TfqG/7V4IeLkdb5jXybRaueJKBE4JlfxcsOWLDOCv1RPrjGfz/oDa',NULL,'2019-04-16 08:20:33','2019-04-16 08:20:33',4,1),(353,'Niresh Moktan','niresh@samaya.com.np',NULL,'$2y$10$iiUjMz220cFfj0Zlq9lS8eWzthHArvQTsEVutRnW8SXZGJtGfddg2',NULL,'2019-04-16 08:20:33','2019-04-16 08:20:33',4,1),(354,'jokman Bomjan','jokman@samaya.com.np',NULL,'$2y$10$/4J8xW8IU4segcPM8uvzm.oEr.UKN9NDzb3tpys.6MhlryiycMfvG',NULL,'2019-04-16 08:20:34','2019-04-16 08:20:34',4,1),(355,'Pancha Lal Bomjan','pancha@samaya.com.np',NULL,'$2y$10$lrO0jMCQ0Jw.oOntj8/gXO7pwwIxVusqPkiunQRJNNivpoFzum2Mq',NULL,'2019-04-16 08:20:34','2019-04-16 08:20:34',4,1),(356,'Sarban Kumar Baiju','sarban@samaya.com.np',NULL,'$2y$10$WI3ApbUYrhsee1B3iFjA1uMwNWFZF3qsYmo4ck76FukigN8BHZZMC',NULL,'2019-04-16 08:20:34','2019-04-16 08:20:34',4,1),(357,'Ambar Bahadur Tamang','ambartamang@samaya.com.np',NULL,'$2y$10$Lx.URVvQHzF6m4YXW.uju.r34CMFIM.G2sop8H4GQzppcKrc7xyTG',NULL,'2019-04-16 08:20:34','2019-04-16 08:20:34',4,1),(358,'Anil Kumar Dubedi','anilkumar@samaya.com.np',NULL,'$2y$10$qQY30q0NFiaa9ynYcXomxO0rWcLQ2ifLGzQn0MspExlPS50LWk9bC',NULL,'2019-04-16 08:20:34','2019-04-16 08:20:34',4,1),(359,'Gopilal Bomjan','gopilal@samaya.com.np',NULL,'$2y$10$ajuYui1QUQ39t1C/Y974kuec6BmJl5Dg17cjbrRbIMXfUAb6uEW6W',NULL,'2019-04-16 08:20:35','2019-04-16 08:20:35',4,1),(360,'Dil Kumar Shrestha','dilkumarsh@samaya.com.np',NULL,'$2y$10$EamhakyiOQpBhGlsCZSQYeLMsuFVy0fcPgDnhDLjM/Hs5jRfGL1..',NULL,'2019-04-16 08:20:35','2019-04-16 08:20:35',4,1),(361,'Dikshya Baraili','dikshya@samaya.com.np',NULL,'$2y$10$O4cKg59x2CUcZoZNMJO2DOZ2LpeTpjc13mM0WZGa5bT7Ys7ZtUATC',NULL,'2019-04-16 08:20:35','2019-04-16 08:20:35',4,1),(362,'Dabal Bahadur Shrestha','dabal@samaya.com.np',NULL,'$2y$10$OWRAd11bc/nM.0yKNqMZ1uJX2FukI5x1ITqtrH7TreE7dRbog.Ppu',NULL,'2019-04-16 08:20:35','2019-04-16 08:20:35',4,1),(363,'Tulashi Parajuli','tulashi@samaya.com.np',NULL,'$2y$10$VXOrKAlzYAxG341oW1.DbuUt2fifgrOOYDKHxTUtELj.u6pYqswpq',NULL,'2019-04-16 08:20:35','2019-04-16 08:20:35',4,1),(364,'Kajiman Thing','kajimanthing@samaya.com.np',NULL,'$2y$10$0uNBNB10wMJgcLHDTN7p9uRMHeFY.QJLWKxZVI3PUbtqRcQY6zuyC',NULL,'2019-04-16 08:20:36','2019-04-16 08:20:36',4,1),(365,'Dipak Bhujel','dipakbhujel@samaya.com.np',NULL,'$2y$10$BZ73M4vTJS0rp/uQFZQFxej6w20DcTuEh2ca4vT0sbcr/C14fYwgu',NULL,'2019-04-16 08:20:36','2019-04-16 08:20:36',4,1),(366,'Puja Magar','pujamanar@samaya.com.np',NULL,'$2y$10$VeTbw4WI1whZ90wQRwRwv.mTfacJix7Qcyty2G/F.3EOVRuEcgCoC',NULL,'2019-04-16 08:20:36','2019-04-16 08:20:36',4,1),(367,'Uddab Prasad Acharya','uddab@samaya.com.np',NULL,'$2y$10$6le5qNE.N5usdTqDOvuIMOeGKhqKs.iDq6bGhwce8zIiRoAmxWa12',NULL,'2019-04-16 08:20:36','2019-04-16 08:20:36',4,1),(368,'Amrit Bomjan','amritbomjan@samaya.com.np',NULL,'$2y$10$Y8ISrKsiWnnDZi3h.LsryOCQeHjTp0Tg/mmeUQ4MOPBSyZpJPEzgO',NULL,'2019-04-16 08:20:37','2019-04-16 08:20:37',4,1),(369,'Bhim Lungeli Magar','bhimlungeli@samaya.com.np',NULL,'$2y$10$LcgSDk1ZH7JmHV75orqTtO3dlX.xBSLTxYVEgUY7ZRmR6Pb4y.4L.',NULL,'2019-04-16 08:20:37','2019-04-16 08:20:37',4,1),(370,'Hasta Bahadur Bomjan','hastabomjan@samaya.com.np',NULL,'$2y$10$hhdsk/4NRpIGV340IpiYAeK6UjF0ZhwogiB34W925ya8PqxQfy47.',NULL,'2019-04-16 08:20:37','2019-04-16 08:20:37',4,1),(371,'Dil Bahadur Tamang','diltamang@samaya.com.np',NULL,'$2y$10$KD47ZQIx9ipoaEiFYwbvKO9BC/3IxuYORlPpiEbj6X358hsgU91By',NULL,'2019-04-16 08:20:37','2019-04-16 08:20:37',4,1),(372,'Nabaraj BK','nabarajbk@samaya.com.np',NULL,'$2y$10$Nm2OFRo25BkJmd2nwtzBxOdQzOu7/uXIewPQqzVZ4EFsOFj9M/rHm',NULL,'2019-04-16 08:20:37','2019-04-16 08:20:37',4,1),(373,'Dawa Dorje Lama','dawa@samaya.com.np',NULL,'$2y$10$azqIBaVw/87.1xFiF1wlI.ha1HbzD.MDWxsxI6Omi6KYZ/Rockxlu',NULL,'2019-04-16 08:20:38','2019-04-16 08:20:38',4,1),(374,'Santosh Thapa Magar','santoshmagar@samaya.com.np',NULL,'$2y$10$.POKZid8eSAdvsI0PMNVHukkAXgR9JLMl5zUsYr3WT4OTdNRn.9b6',NULL,'2019-04-16 08:20:38','2019-04-16 08:20:38',4,1),(375,'Buddha Thami','buddhathami@samaya.com.np',NULL,'$2y$10$HKL1TJ6o4oL2UnodYjfaoe8Xmg4GcOWZ6hRg0mLpoRSa8Emh/oDVC',NULL,'2019-04-16 08:20:38','2019-04-16 08:20:38',4,1),(376,'Tek Bahadur Thapa','tekbahadur@samaya.com.np',NULL,'$2y$10$O7H/vs8Hgy.UNWm2XWw5A.vRyp5BHRzh3swPDu6zaM7t81EfxpTve',NULL,'2019-04-16 08:20:38','2019-04-16 08:20:38',4,1),(377,'Bishnu Bahadur Tamang','bishnutamang@samaya.com.np',NULL,'$2y$10$JnSv0hMYJChwZi6.m5nXs.2LD.hKGPqyTTcag.Kk66sh/6YAMPlYe',NULL,'2019-04-16 08:20:38','2019-04-16 08:20:38',4,1),(378,'Gauri Lama','gaurilama@samaya.com.np',NULL,'$2y$10$0UBFVpMsEICBcVljxgYZiuQf65wp1YPTtzeJLB8SeSvHpfvr.ZTFy',NULL,'2019-04-16 08:20:39','2019-04-16 08:20:39',4,1),(379,'Mahesh Bholan','maheshbholan@samaya.com.np',NULL,'$2y$10$NKv6n1aydkteNrioAidD.O9szs/tcwlgiAZIJpLZHQS6rhyfFb3c6',NULL,'2019-04-16 08:20:39','2019-04-16 08:20:39',4,1),(380,'Surya Bahadur BK','suryabk@samaya.com.np',NULL,'$2y$10$M9CW1/HXV.upsHOQFQnAoOKVvgbic3.9VvcJWWLAxFbYy2rrfVLCy',NULL,'2019-04-16 08:20:39','2019-04-16 08:20:39',4,1),(381,'Hirakaji Shrestha','hirashrestha@samaya.com.np',NULL,'$2y$10$EAbNVV/tJGmb7T2Mh7MqeuNJgTX5kpuPf8xfu4HCdByTD/SloRsT.',NULL,'2019-04-16 08:20:39','2019-04-16 08:20:39',4,1),(382,'Ganesh Bahadur Rasaili','ganeshrasaili@samaya.com.np',NULL,'$2y$10$M0INrkNsD7LgrO6/NzfvUOSGgAPvkXer15Ssr1qZRA1X6Qh868lKu',NULL,'2019-04-16 08:20:39','2019-04-16 08:20:39',4,1),(383,'Purna Bhadur Ghalan','purnaghalan@samaya.com.np',NULL,'$2y$10$QjZYSWFCduaZhX7qvg9f9.n2HDrkzjyfSYqc5AXlAB8s08l2iOAde',NULL,'2019-04-16 08:20:40','2019-04-16 08:20:40',4,1),(384,'Padam Nepali','padamnepali@samaya.com.np',NULL,'$2y$10$gYMypgQy4qkv/qKsTH9sz.Q6XoyGZirfuyFV8jCHa3UC7N7d/OUnq',NULL,'2019-04-16 08:20:40','2019-04-16 08:20:40',4,1),(385,'Hari Maya Bholan','Harimaya@samaya.com.np',NULL,'$2y$10$Rw3F.9gSnrOKls/cjAMvcee9PvL.m0szXfJk/C2e.NlzxRVB2NjD6',NULL,'2019-04-16 08:20:40','2019-04-16 08:20:40',4,1),(386,'Teju Magar','teju@samaya.com.np',NULL,'$2y$10$V7taUn1l57eQEhcAaHPHiu3bpR0oHMM2COucZrDp3Y7ErVV1pd.4.',NULL,'2019-04-16 08:20:40','2019-04-16 08:20:40',4,1),(387,'Shyam Bahadur Moktan','shyammoktan@samaya.com.np',NULL,'$2y$10$RptPXBYd6jX7.i.0r6nMkOEeHdzh9PG79rQKreE8MUribfbW3kBw2',NULL,'2019-04-16 08:20:40','2019-04-16 08:20:40',4,1),(388,'Mangal Dhoj Syangtan','mangaldhoj@samaya.com.np',NULL,'$2y$10$O3C1c7Ikwvu6z/SBA.tTlOUomUJ6JKeHIachhbAeGGeL2306uKX8e',NULL,'2019-04-16 08:20:41','2019-04-16 08:20:41',4,1),(389,'Nara Bahadur Bomjan','nmomjan@samaya.com.np',NULL,'$2y$10$ZrMpoTc4udo.Zga8CE3UsOKTY0Io/P2mbZ4Q0nhQeIP7VPXlDJunK',NULL,'2019-04-16 08:20:41','2019-04-16 08:20:41',4,1),(390,'Ram Bhadur Majhi','rambahadurmajhi@samaya.com.np',NULL,'$2y$10$JhBMuCRuBbZn7Q2NMUC4ZeAd4fcstyYkV8XrII.ifPe16/49fx.qG',NULL,'2019-04-16 08:20:41','2019-04-16 08:20:41',4,1),(391,'Katak Bahadur Bomjan','katak@samaya.com.np',NULL,'$2y$10$fmObelxYnzuIBtEZFBqJ/ee.NZ0GnHcpf1BiQ6RkekRGDye6BNDQm',NULL,'2019-04-16 08:20:41','2019-04-16 08:20:41',4,1),(392,'Gunjan Sahi','gunjam@samaya.com.np',NULL,'$2y$10$.WG6NZ6rO2L4hWr48hgqr.ukoT8tcUBO3hysR0bpls.aHgRXZI22m',NULL,'2019-04-16 08:20:41','2019-04-16 08:20:41',4,1),(393,'Chhatra Bahadur Lo','chhatralo@samaya.com.np',NULL,'$2y$10$33.BpQPght6rmXrGhdSxtOH0glyTE6av/KA9xgPBuAHwliLcR80Z2',NULL,'2019-04-16 08:20:41','2019-04-16 08:20:41',4,1),(394,'Shuva Lal Ghalan','shuvalal@samaya.com.np',NULL,'$2y$10$RddGv6mYpv7ycZJBZifvh.9GycwjmBcVlBFTjkfQ.gV733HDvsfc.',NULL,'2019-04-16 08:20:42','2019-04-16 08:20:42',4,1),(395,'Dhan Bahadur Waiba','dhanwaiba@samaya.com.np',NULL,'$2y$10$94/KcWnYf8hyehnTtLPV0./FzKxpYPwC13Ycso/D9wTN87X0iQ1zy',NULL,'2019-04-16 08:20:42','2019-04-16 08:20:42',4,1),(396,'Suresh Saha','suresh@samaya.com.np',NULL,'$2y$10$92h1dUa7YSvxPMCmbLuEUO8cQ9mDuSpp44DHDxzMNjUnAmZu3Vptm',NULL,'2019-04-16 08:20:42','2019-04-16 08:20:42',4,1),(397,'Dil Raj Shrestha','dilraj@samaya.com.np',NULL,'$2y$10$Vf3HzYD6Nk4GYwx5CbWY9.BtWuEHFUo0euX.0oPb1aD0JULY4/AR6',NULL,'2019-04-16 08:20:42','2019-04-16 08:20:42',4,1),(398,'Bishnu Syangtan','bishnusyangtan@samaya.com.np',NULL,'$2y$10$3/mhXD8Jvqmx2QC4.Q8hh.DRm2idrirL0BNM5psbtKiJsJ7ddYCyC',NULL,'2019-04-16 08:20:43','2019-04-16 08:20:43',4,1),(399,'Sanjaya Waiba','swaiba@samaya.com.np',NULL,'$2y$10$TTUi4W9AU.ZcsKMxkClo7utGw3BU3JZ.cnybk98Y0hFU/9ntnU.PW',NULL,'2019-04-16 08:20:43','2019-04-16 08:20:43',4,1),(400,'Santalal Ghalan','shantalal@samaya.com.np',NULL,'$2y$10$/oGk2cYS1TednytF7Aoptulywmi4AAmWCI/XX5VENCugtHHVUYczi',NULL,'2019-04-16 08:20:43','2019-04-16 08:20:43',4,1),(401,'Lal Bahadur Thing','lalbahadr@samaya.com.np',NULL,'$2y$10$nxobNJyIWMgwL8woq2cd3uT8DQrDRNLUW785XpBPCgX.jGNpptbuq',NULL,'2019-04-16 08:20:43','2019-04-16 08:20:43',4,1),(402,'Dhan Bahadur Tamang','dhantamang@samaya.com.np',NULL,'$2y$10$Dp71yq2tIK3CcouKHnAHuu0u3IzXNcYKmNuBvCDEzJtcRJIS9F7ve',NULL,'2019-04-16 08:20:43','2019-04-16 08:20:43',4,1),(403,'Arun Raut','arunraut@samaya.com.np',NULL,'$2y$10$gZ02Ez2s89PxDswIc.uCxO6X2Xx3sQ8sgQFYowqhZeC1TLLu7R3vW',NULL,'2019-04-16 08:20:43','2019-04-16 08:20:43',4,1),(404,'Prem Bahadur Thing','premthing@samaya.com.np',NULL,'$2y$10$dRuDlBGqpp0bRF8oDYsSWOrbNAdxN6FyzbXJ2OaM0llg3J0wG.DSu',NULL,'2019-04-16 08:20:44','2019-04-16 08:20:44',4,1),(405,'Nir Bahadur Thing','Nirthing@samaya.com.np',NULL,'$2y$10$6UuUzYo/3s2YX9lMYYRlJOZwucvhq4kyfx746OElH4aGYz4mBw6t.',NULL,'2019-04-16 08:20:44','2019-04-16 08:20:44',4,1),(406,'Manoj Kumar Bholan','manoj@samaya.com.np',NULL,'$2y$10$8ntKcqYae.IUd3c85TrZ3ur8ZpanZcMFerfQMt9CVR0cwc2bNu.Hq',NULL,'2019-04-16 08:20:44','2019-04-16 08:20:44',4,1),(407,'Tilak Bahadur Pulami','tilak@samaya.com.np',NULL,'$2y$10$QbC4WwqUqio4QPlo2dePQONb0swC7Oj1wB17RNr4DVzPcbcGDnyGC',NULL,'2019-04-16 08:20:44','2019-04-16 08:20:44',4,1),(408,'Sishir Bomjan','sishir@samaya.com.np',NULL,'$2y$10$OxHiQZn3iJLGQ0HQ8KM9TuXyX0XlJZtxI9dGgN3A2PFGeDvIj6ZKa',NULL,'2019-04-16 08:20:44','2019-04-16 08:20:44',4,1),(409,'Hem Kumar Lo','hemlo@samaya.com.np',NULL,'$2y$10$3oaHTZdTGC.7Gac1hBCUIeslWJwVBt9kPOVv.JdKObF/XF1iNwaG.',NULL,'2019-04-16 08:20:45','2019-04-16 08:20:45',4,1),(410,'Sagar Gole','sagargole@samaya.com.np',NULL,'$2y$10$233mU.5eYlK2m52mUM9NguxZ4ZSF3FFGjeCGiaCsueXLqj01ByHqq',NULL,'2019-04-16 08:20:45','2019-04-16 08:20:45',4,1),(411,'Santosh Gole','santoshgole@samaya.com.np',NULL,'$2y$10$mpiEGI9LQSYcHUIbtvEUNu1FPASeNvOG85kj.UCUi8lbg6d77DcVG',NULL,'2019-04-16 08:20:45','2019-04-16 08:20:45',4,1),(412,'Ram Krishna Shrestha','ramshrestha@samaya.com.np',NULL,'$2y$10$wdG6YdyaOFpabCt.sV6l.e2c/YNW0Ri2Aze929.1iSd2fAkC2P5ku',NULL,'2019-04-16 08:20:45','2019-04-16 08:20:45',4,1),(413,'Dipak Bhujel','dbhujel@samaya.com.np',NULL,'$2y$10$Pbu3AAviGGMNpBvjGJXK7.a8bgxjjN9NRL5rsw7t7Ogui8XxKgVuG',NULL,'2019-04-16 08:20:45','2019-04-16 08:20:45',4,1),(414,'Bikramdhoj Moktan','bikramdhoj@samaya.com.np',NULL,'$2y$10$16mrG6sepRVejo4/Buj95.Chvj2pG1ZLNoinF1Y05edW72r5v8HRW',NULL,'2019-04-16 08:20:46','2019-04-16 08:20:46',4,1),(415,'Nir Bahadur Moktan','nirmoktan@samaya.com.np',NULL,'$2y$10$XOzRG5j6CoM4Snvcq1JiO.lLtep6uRgcD4J5QzfaQ1mgZ78XHIssC',NULL,'2019-04-16 08:20:46','2019-04-16 08:20:46',4,1),(416,'Kunsang Thing','kunsangthing@samaya.com.np',NULL,'$2y$10$pk/fENIFC93dHWKr/kf/RuT8nluaFvsKyYWn5opfi3s0gqmMWAkgK',NULL,'2019-04-16 08:20:46','2019-04-16 08:20:46',4,1),(417,'Amrit Nepali','amritnepali@samaya.com.np',NULL,'$2y$10$APObTZQsPnxuRH6AVTwYxu.J.aA05nxJicKd010oOkxvQ6DMNz1ZG',NULL,'2019-04-16 08:20:46','2019-04-16 08:20:46',4,1),(418,'Jasman Gole','jgole@samaya.com.np',NULL,'$2y$10$QXFRLEJ8LPzdnks7TESBZO0dhrro5VztoxnbnP1cPwcE.e04Wi7Yi',NULL,'2019-04-16 08:20:46','2019-04-16 08:20:46',4,1),(419,'Satan Thada Magar','satanthada@samaya.com.np',NULL,'$2y$10$F/oevcKksVt8EgHiMbxhw.MB/7fSWM7lE6Ki8D/XhNpYHWDDrQMTy',NULL,'2019-04-16 08:20:47','2019-04-16 08:20:47',4,1),(420,'Baburam Waiba','bwaiba@samaya.com.np',NULL,'$2y$10$wDSOSz.IybvvuIdI3pO2Cu5bhw931KNC82hz.Hj8fCXmJaDR8pWci',NULL,'2019-04-16 08:20:47','2019-04-16 08:20:47',4,1),(421,'Amrit Bholan','ambholan@samaya.com.np',NULL,'$2y$10$Nlml7aFfjnjXc97oZe2Eb.bziBYefAa5.K6J7pi8nGwmfAmho7gKS',NULL,'2019-04-16 08:20:47','2019-04-16 08:20:47',4,1),(422,'Prem Ghyapak','premghyapak@samaya.com.np',NULL,'$2y$10$67RWXE0p/1VaUgydF2wd1.yZG6iDV9hmO5wBPeO7PD8.m8YIn7E4K',NULL,'2019-04-16 08:20:47','2019-04-16 08:20:47',4,1),(423,'Indra Man Thing','indramanthing@samaya.com.np',NULL,'$2y$10$td9tFCcrQWoLOR4PE0Mp6.fxgcGh6ax1Y0mPsrwR/0Iiquj2sEQpG',NULL,'2019-04-16 08:20:47','2019-04-16 08:20:47',4,1),(424,'Toran Jogi','toranjogi@samaya.com.np',NULL,'$2y$10$x9Gsgj8DPAIPq09ubYvUseoLK1V8f0OQog3uZ7HwLSwqZRvsdMpG2',NULL,'2019-04-16 08:20:47','2019-04-16 08:20:47',4,1),(425,'Bharat Thakur','bharatthakur@samaya.com.np',NULL,'$2y$10$x6athkL0EIEUBzKDr5JfmezecmxO//DUD2aKm7iOIwoOUsbQvJ.xm',NULL,'2019-04-16 08:20:48','2019-04-16 08:20:48',4,1),(426,'Sunil Kumar Chaudhari','sunilk@samaya.com.np',NULL,'$2y$10$FT8ILeZvKOip6/mU.0mxGOVOqD8DldOSvTb.Zp4wlZP.fwISrH4vm',NULL,'2019-04-16 08:20:48','2019-04-16 08:20:48',4,1),(427,'Ram Kumar Saha','ramsaha@samaya.com.np',NULL,'$2y$10$H5jNIwOzpAE67266TZW2J.pwBKUrjrvRWdWknY.TaIIgPbZXbv7H.',NULL,'2019-04-16 08:20:48','2019-04-16 08:20:48',4,1),(428,'Ram Prasad Tamang','ramtamang@samaya.com.np',NULL,'$2y$10$Qg0CMfWTjuUR72n.i.HTROLFwpu5XYzEeshEVVJ66ML/5r8aYyIH.',NULL,'2019-04-16 08:20:48','2019-04-16 08:20:48',4,1),(429,'Lal Bahadur Bholan','lalbholan@samaya.com.np',NULL,'$2y$10$gDGSkY8Kr8FJeV6w3mSHr.Gn4bMauPhUiQ63OhlTus2dI75.Zlcsq',NULL,'2019-04-16 08:20:49','2019-04-16 08:20:49',4,1),(430,'Sonam Bajyoo','sonambajyoo@samaya.com.np',NULL,'$2y$10$8AGqkVOTXNHU9dubZVguCeBUn/CBVdxMeksXUu3pTTIdC/EpTMPy2',NULL,'2019-04-16 08:20:49','2019-04-16 08:20:49',4,1),(431,'Bibek Shrestha','bibekshrestha@samaya.com.np',NULL,'$2y$10$i8ikgy4DJayXv5Wuyzc61ueOyitrX5NI2J5O5NRjOKdtT8POeJnN2',NULL,'2019-04-16 08:20:49','2019-04-16 08:20:49',4,1),(432,'Dhalak Shrestha','dhalak@samaya.com.np',NULL,'$2y$10$DdcsRwqKmT9MZtlKmxhHceF0RIOyv5Aa4JO9tTPsY2R8LNdKMsfOG',NULL,'2019-04-16 08:20:49','2019-04-16 08:20:49',4,1),(433,'Dinesh Badal','dineshbada@samaya.com.np',NULL,'$2y$10$NszfSQ0JwXzBsWQ/F4YhQ.xllbi1AJUFaDuWl5V0k2fCWEXSZ0XkG',NULL,'2019-04-16 08:20:49','2019-04-16 08:20:49',4,1),(434,'Laxmi Maya Bomjan','laxmimaya@samaya.com.np',NULL,'$2y$10$jlwjFmAOFm3uRGvHu6oMGu/gRZ1pNlCgmGRRo6l63Y/T6smi2Tq1u',NULL,'2019-04-16 08:20:50','2019-04-16 08:20:50',4,1),(435,'Tirtha Maya Bomjan','tirthabomjan@samaya.com.np',NULL,'$2y$10$tTTd3HBZVLuwxlOtlLxCYenhR765gIliyENefgeAJrU49fgCbCZZa',NULL,'2019-04-16 08:20:50','2019-04-16 08:20:50',4,1),(436,'Amrit Bahadur Lama','amritblama@samaya.com.np',NULL,'$2y$10$DgM5edekhG0n/xK68K0SE.zqv2a0xQFwcbc9hHmBTXcMd94.zfKBe',NULL,'2019-04-16 08:20:50','2019-04-16 08:20:50',4,1),(437,'Raju Suyal Magar','rajusuyal@samaya.com.np',NULL,'$2y$10$tA.zesJ8d3hBkV1a0W1jPe2GY0oGFfAozNLWTEswAj2Onini65fnW',NULL,'2019-04-16 08:20:50','2019-04-16 08:20:50',4,1),(438,'Bishal Chaudhari','bishalchaudhari@samaya.com.np',NULL,'$2y$10$csNdiYnk5O8nfW4heD9UW.w208HRLZaRuPCbLsTXBjhkn/xSIxJXS',NULL,'2019-04-16 08:20:50','2019-04-16 08:20:50',4,1),(439,'Harkaman Bal','harkamanbal@samaya.com.np',NULL,'$2y$10$81XFwbUxMKWWtRx1OPUMZeo/7CXhXzvFEqnj7ONuZP8rooqsZFDwq',NULL,'2019-04-16 08:20:51','2019-04-16 08:20:51',4,1),(440,'Hem Kumar Thing','hemkumarthing@samaya.com.np',NULL,'$2y$10$ZzPRn4XIs2KgmQhXPfhMj.ryq7yhDXzFxo8D/iTEZ9Rp36OTtSmPa',NULL,'2019-04-16 08:20:51','2019-04-16 08:20:51',4,1),(441,'Rabi Sundas','rabisundas@samaya.com.np',NULL,'$2y$10$VQJNd0xiIef3ibFADI.UzOFOKPhXINh/OCVqQSJ1lc.DTS19ChFI2',NULL,'2019-04-16 08:20:51','2019-04-16 08:20:51',4,1),(442,'Shyam Kishor Thakur','shyamkishor@samaya.com.np',NULL,'$2y$10$dd0XRYEmjHPvUCPzjebykuSOE.hsTomXtaFIzmGzZ5561vz3rt.FG',NULL,'2019-04-16 08:20:51','2019-04-16 08:20:51',4,1),(443,'Prem Shrestha','premshrestha@samaya.com.np',NULL,'$2y$10$qyeiG1oSBfXoCHOvHSA1K.arPvEr4w/gOjvf.eLG3LKw8cq9SeeEi',NULL,'2019-04-16 08:20:51','2019-04-16 08:20:51',4,1),(444,'Khadka Bahadur Shrestha','khadgashrestha@samaya.com.np',NULL,'$2y$10$4DHEjeUvIcfar7f4nF2Ryu09T/v5oU6GXMeaJS09gBSdAColYPkx6',NULL,'2019-04-16 08:20:51','2019-04-16 08:20:51',4,1),(445,'Netra Bahadur Shrestha','netrashrestha@samaya.com.np',NULL,'$2y$10$fcdyyzd/BD.C9OWaqPwUuOAki/1EeI8WFoZ9xIr0Ro9PHYiKsjCLO',NULL,'2019-04-16 08:20:52','2019-04-16 08:20:52',4,1),(446,'Umesh Raut','umeshraut@samaya.com.np',NULL,'$2y$10$/jvvcoe3bDDTr2Jbo1BGd.PtCieNnv/YUoJdZ7Lilpo6pAVaphbHu',NULL,'2019-04-16 08:20:52','2019-04-16 08:20:52',4,1),(447,'Manita Kumari Ghalan','manitaghalan@samaya.com.np',NULL,'$2y$10$gkOWPnGR6W1fSPTAp44d2ev0hkUhT6DUcaYajM4xpyqjVTsGtCCg2',NULL,'2019-04-16 08:20:52','2019-04-16 08:20:52',4,1),(448,'Min Kumar Barma','minkumar@samaya.com.np',NULL,'$2y$10$SMScejY.al.VSOqnbh7.KunIOb0PHCtNxgJ9d5vx/JqPLgxC2ZyqC',NULL,'2019-04-16 08:20:52','2019-04-16 08:20:52',4,1),(449,'Ram Punit Thakur','rampunit@samaya.com.np',NULL,'$2y$10$w4VQgxuYNmlIOuMMOb5MfOBiuQxEAapBMSaeFF4g2SJRZukDWawpW',NULL,'2019-04-16 08:20:53','2019-04-16 08:20:53',4,1),(450,'Tilak Shrestha','tilakshrestha@samaya.com.np',NULL,'$2y$10$c0Ztl7CUP//dJyyYwnmNA.ivMTiN5nl.qWYvqAAPm4j97ivSP.hY.',NULL,'2019-04-16 08:20:53','2019-04-16 08:20:53',4,1),(451,'Khadak Bahadur Shrestha','khadakbahadur@samaya.com.np',NULL,'$2y$10$axJ/m83gDvliJ8NJkpxGDOvYNtAvl8d1wS1ELPfIfi9PEts0OW.za',NULL,'2019-04-16 08:20:53','2019-04-16 08:20:53',4,1),(452,'Roshan Khati','yukesh@samaya.com.np',NULL,'$2y$10$/7hoiwtAQXtYRIptw8T0KeVAgr1PhiKbYspub2iDdD38K2O8IsTAi',NULL,'2019-04-16 08:20:53','2019-04-16 08:20:53',4,1),(453,'Ram Bahadur Tamang','rambahadur1@samaya.com.np',NULL,'$2y$10$33HYwRxPHmbVGrBN8KeCl.2N.Jw6XQn1Zvtiqy7kJdQJNQBBX6kVS',NULL,'2019-04-16 08:20:53','2019-04-16 08:20:53',4,1),(454,'Amresh Kumar Nirala','amreshkumar@samaya.com.np',NULL,'$2y$10$asaYFlWWzpMhZoD/YdRove2EWbl8YuC5Mo6mB.nzdsQlvmj5NzcmG',NULL,'2019-04-16 08:20:54','2019-04-16 08:20:54',4,1),(455,'Hira Pakhrin','hirapakhrin@samaya.com.np',NULL,'$2y$10$ryvBGe6I1uLpiABbaEtnp.6txQXDFOeAYDhTcg9t24KSSi1RU32g2',NULL,'2019-04-16 08:20:54','2019-04-16 08:20:54',4,1),(456,'Dev Kumar Shrestha','devkumarshrestha@samaya.com.np',NULL,'$2y$10$mGT.jFtXqG6NoVgUKem70ehW5YvKB9IsRDicGpk72WZFDEXHx4HTu',NULL,'2019-04-16 08:20:54','2019-04-16 08:20:54',4,1),(457,'Tika Ram Baju','tikarambaju@samaya.com.no',NULL,'$2y$10$DEgEavgtdY28sZeIfrMZRufMfUNhrGCBsaA.p6IjOVSrhSEFOczsa',NULL,'2019-04-16 08:20:54','2019-04-16 08:20:54',4,1),(458,'Prakash Shrestha ','prakashshrestha@samaya.com.np',NULL,'$2y$10$fRtBMCqFlOtz6wgH3BHRZ.GwFfryphbXchoTS8n4Q/ojjArluLz.G',NULL,'2019-04-16 08:20:54','2019-04-16 08:20:54',4,1),(459,'Alok Chaudhari','Alokchaudhari@samaya.com.np',NULL,'$2y$10$iYxxWzfkJ7GZ6smowbVJJu7KPZNalKNAFIpyU7JOlrNi6oYArLnQG',NULL,'2019-04-16 08:20:54','2019-04-16 08:20:54',4,1),(460,'Hira Kaji Shrestha','hirakaji@samay.com.np',NULL,'$2y$10$cKlhuM26G.QYQMBHv9eSBuHgA1kgX/u9iCFoPzvU8RwUB0zrDhXsK',NULL,'2019-04-16 08:20:55','2019-04-16 08:20:55',4,1),(461,'Rudra Bahadur Ale','rudrabahadur@samaya.com.np',NULL,'$2y$10$OmyJTCOd0IsLm7C9C8xUl.Zxipi6qufR2v.7bkA13DZJgqW0s9RYy',NULL,'2019-04-16 08:20:55','2019-04-16 08:20:55',4,1),(462,'Sonam Tamang','sonam@samaya.com.np',NULL,'$2y$10$UPWP5XwN4OlAT0PV4MYa6.kH.gfARZ50jvl02BhMPqcirCI/l25g2',NULL,'2019-04-16 08:20:55','2019-04-16 08:20:55',4,1),(463,'Rudra Bahadur Basel','rudrabahadurbasel@samaya.com.np',NULL,'$2y$10$KA3/gR9uOdQLD4cxkg7VGe4hENdEV70I6uO7Q9zr.Wq/sTmnALr/G',NULL,'2019-04-16 08:20:55','2019-04-16 08:20:55',4,1),(464,'Buddi Bahadur Waiba','buddibahadur@samaya.com.np',NULL,'$2y$10$0rzYY.Ih7IxA2YsCMaaZ1ezJTc9VJ.vcvDfn9Tb3LzIVwmnz9SZBC',NULL,'2019-04-16 08:20:55','2019-04-16 08:20:55',4,1),(465,'Dharmendra Shah','dharmendrasah@samaya.com.np',NULL,'$2y$10$MPAx/5F7MZUzy4WM7.ZNputyYwVtydo3HDmvEoidPtZB05oL80Jce',NULL,'2019-04-16 08:20:56','2019-04-16 08:20:56',4,1),(466,'Test One','test1@gmail.com',NULL,'$2y$10$3Anun1vylVyoscbFtQ0rY.7l.S4RGbt7Yn0jdZ5AfL9icEHB45Aza',NULL,'2019-04-17 08:26:29','2019-04-17 08:26:29',5,1),(467,'Raj Kumari Bholan','rajkumari@samaya.com.np',NULL,'$2y$10$EMyzGElbrIGEYJUQ5Lz/SeTw7MMIODA.kLP8yRxcUorj9cDUCfOCi',NULL,'2019-04-17 08:29:32','2019-04-17 08:29:32',5,1),(468,'Rhydam Nepali','rhydam@samaya.com.np',NULL,'$2y$10$EQmfQ.S4ZMHRVeJaYsRYD.odMOdLj7uWqcYt6Q3fOMotgbyPwBkia',NULL,'2019-04-17 08:29:32','2019-04-17 08:29:32',5,1),(469,'Arpan BK','arpanbk@samaya.com.np',NULL,'$2y$10$GuF1GkKBFSDL1B.72hmmu.01Z9oDTaw0hsCzkmjfPrGtlSCoIUMvu',NULL,'2019-04-17 08:29:32','2019-04-17 08:29:32',5,1),(470,'Aryan Shrestha','aryanshrestha@samaya.com.np',NULL,'$2y$10$9ej8vWoukIqjPy/Oj3pVNeKGZLfok22uoadccMeJw6nxrqccFnody',NULL,'2019-04-17 08:29:33','2019-04-17 08:29:33',5,1),(471,'Aslesha Basnet','asleshabasnet@samaya.com.np',NULL,'$2y$10$DYNuT5XEl8CqXHjZJV/MKuPDqlrepmf58icyfPIubROQaqGKEyrmu',NULL,'2019-04-17 08:29:33','2019-04-17 08:29:33',5,1),(472,'Ayush Bomjan','ayushbomjan@samaya.com.np',NULL,'$2y$10$M0/QWobEtC7/9EcX5nMtoOKJg3dZtyP0sCA6w.UJclsM260.4OfkC',NULL,'2019-04-17 08:29:33','2019-04-17 08:29:33',5,1),(473,'Bijaya Tamang','bijayatamang@samaya.com.np',NULL,'$2y$10$Dbm7SPe5.ZQmH0eavkh0Iuc9zj8IwSlfp.WXWFThVHS9po.M3wRsS',NULL,'2019-04-17 08:29:33','2019-04-17 08:29:33',5,1);
/*!40000 ALTER TABLE `users` ENABLE KEYS */;
UNLOCK TABLES;
/*!40103 SET TIME_ZONE=@OLD_TIME_ZONE */;

/*!40101 SET SQL_MODE=@OLD_SQL_MODE */;
/*!40014 SET FOREIGN_KEY_CHECKS=@OLD_FOREIGN_KEY_CHECKS */;
/*!40014 SET UNIQUE_CHECKS=@OLD_UNIQUE_CHECKS */;
/*!40101 SET CHARACTER_SET_CLIENT=@OLD_CHARACTER_SET_CLIENT */;
/*!40101 SET CHARACTER_SET_RESULTS=@OLD_CHARACTER_SET_RESULTS */;
/*!40101 SET COLLATION_CONNECTION=@OLD_COLLATION_CONNECTION */;
/*!40111 SET SQL_NOTES=@OLD_SQL_NOTES */;

